{
  "type": "FeatureCollection",
  "crs": {
    "type": "name",
    "properties": {
      "name": "urn:ogc:def:crs:EPSG::32645"
    }
  },
  "features": [
    {
      "type": "Feature",
      "geometry": {
        "type": "Polygon",
        "coordinates": [
          [
            [
              -5.0,
              -5.0
            ],
            [
              5.0,
              -5.0
            ],
            [
              5.0,
              5.0
            ],
            [
              -5.0,
              5.0
            ],
            [
              -5.0,
              -5.0
            ]
          ]
        ]
      },
      "properties": {
        "easting_m": 0.0,
        "northing_m": 0.0,
        "predicted_subsidence_mm": -13.789,
        "estimation_variance_mm2": 441.4283,
        "estimation_std_mm": 21.01,
        "confidence_score": 0.192,
        "is_high_uncertainty": true
      }
    },
    {
      "type": "Feature",
      "geometry": {
        "type": "Polygon",
        "coordinates": [
          [
            [
              45.0,
              -5.0
            ],
            [
              55.0,
              -5.0
            ],
            [
              55.0,
              5.0
            ],
            [
              45.0,
              5.0
            ],
            [
              45.0,
              -5.0
            ]
          ]
        ]
      },
      "properties": {
        "easting_m": 50.0,
        "northing_m": 0.0,
        "predicted_subsidence_mm": -9.784,
        "estimation_variance_mm2": 339.5383,
        "estimation_std_mm": 18.427,
        "confidence_score": 0.213,
        "is_high_uncertainty": true
      }
    },
    {
      "type": "Feature",
      "geometry": {
        "type": "Polygon",
        "coordinates": [
          [
            [
              95.0,
              -5.0
            ],
            [
              105.0,
              -5.0
            ],
            [
              105.0,
              5.0
            ],
            [
              95.0,
              5.0
            ],
            [
              95.0,
              -5.0
            ]
          ]
        ]
      },
      "properties": {
        "easting_m": 100.0,
        "northing_m": 0.0,
        "predicted_subsidence_mm": -6.335,
        "estimation_variance_mm2": 266.3396,
        "estimation_std_mm": 16.32,
        "confidence_score": 0.235,
        "is_high_uncertainty": true
      }
    },
    {
      "type": "Feature",
      "geometry": {
        "type": "Polygon",
        "coordinates": [
          [
            [
              145.0,
              -5.0
            ],
            [
              155.0,
              -5.0
            ],
            [
              155.0,
              5.0
            ],
            [
              145.0,
              5.0
            ],
            [
              145.0,
              -5.0
            ]
          ]
        ]
      },
      "properties": {
        "easting_m": 150.0,
        "northing_m": 0.0,
        "predicted_subsidence_mm": -3.647,
        "estimation_variance_mm2": 219.6886,
        "estimation_std_mm": 14.822,
        "confidence_score": 0.252,
        "is_high_uncertainty": true
      }
    },
    {
      "type": "Feature",
      "geometry": {
        "type": "Polygon",
        "coordinates": [
          [
            [
              195.0,
              -5.0
            ],
            [
              205.0,
              -5.0
            ],
            [
              205.0,
              5.0
            ],
            [
              195.0,
              5.0
            ],
            [
              195.0,
              -5.0
            ]
          ]
        ]
      },
      "properties": {
        "easting_m": 200.0,
        "northing_m": 0.0,
        "predicted_subsidence_mm": -1.916,
        "estimation_variance_mm2": 196.3676,
        "estimation_std_mm": 14.013,
        "confidence_score": 0.263,
        "is_high_uncertainty": true
      }
    },
    {
      "type": "Feature",
      "geometry": {
        "type": "Polygon",
        "coordinates": [
          [
            [
              245.0,
              -5.0
            ],
            [
              255.0,
              -5.0
            ],
            [
              255.0,
              5.0
            ],
            [
              245.0,
              5.0
            ],
            [
              245.0,
              -5.0
            ]
          ]
        ]
      },
      "properties": {
        "easting_m": 250.0,
        "northing_m": 0.0,
        "predicted_subsidence_mm": -0.702,
        "estimation_variance_mm2": 185.799,
        "estimation_std_mm": 13.631,
        "confidence_score": 0.268,
        "is_high_uncertainty": true
      }
    },
    {
      "type": "Feature",
      "geometry": {
        "type": "Polygon",
        "coordinates": [
          [
            [
              295.0,
              -5.0
            ],
            [
              305.0,
              -5.0
            ],
            [
              305.0,
              5.0
            ],
            [
              295.0,
              5.0
            ],
            [
              295.0,
              -5.0
            ]
          ]
        ]
      },
      "properties": {
        "easting_m": 300.0,
        "northing_m": 0.0,
        "predicted_subsidence_mm": 0.526,
        "estimation_variance_mm2": 178.7076,
        "estimation_std_mm": 13.368,
        "confidence_score": 0.272,
        "is_high_uncertainty": true
      }
    },
    {
      "type": "Feature",
      "geometry": {
        "type": "Polygon",
        "coordinates": [
          [
            [
              345.0,
              -5.0
            ],
            [
              355.0,
              -5.0
            ],
            [
              355.0,
              5.0
            ],
            [
              345.0,
              5.0
            ],
            [
              345.0,
              -5.0
            ]
          ]
        ]
      },
      "properties": {
        "easting_m": 350.0,
        "northing_m": 0.0,
        "predicted_subsidence_mm": 1.773,
        "estimation_variance_mm2": 173.8603,
        "estimation_std_mm": 13.186,
        "confidence_score": 0.275,
        "is_high_uncertainty": true
      }
    },
    {
      "type": "Feature",
      "geometry": {
        "type": "Polygon",
        "coordinates": [
          [
            [
              395.0,
              -5.0
            ],
            [
              405.0,
              -5.0
            ],
            [
              405.0,
              5.0
            ],
            [
              395.0,
              5.0
            ],
            [
              395.0,
              -5.0
            ]
          ]
        ]
      },
      "properties": {
        "easting_m": 400.0,
        "northing_m": 0.0,
        "predicted_subsidence_mm": 3.026,
        "estimation_variance_mm2": 170.4432,
        "estimation_std_mm": 13.055,
        "confidence_score": 0.277,
        "is_high_uncertainty": true
      }
    },
    {
      "type": "Feature",
      "geometry": {
        "type": "Polygon",
        "coordinates": [
          [
            [
              445.0,
              -5.0
            ],
            [
              455.0,
              -5.0
            ],
            [
              455.0,
              5.0
            ],
            [
              445.0,
              5.0
            ],
            [
              445.0,
              -5.0
            ]
          ]
        ]
      },
      "properties": {
        "easting_m": 450.0,
        "northing_m": 0.0,
        "predicted_subsidence_mm": 4.271,
        "estimation_variance_mm2": 168.2013,
        "estimation_std_mm": 12.969,
        "confidence_score": 0.278,
        "is_high_uncertainty": true
      }
    },
    {
      "type": "Feature",
      "geometry": {
        "type": "Polygon",
        "coordinates": [
          [
            [
              495.0,
              -5.0
            ],
            [
              505.0,
              -5.0
            ],
            [
              505.0,
              5.0
            ],
            [
              495.0,
              5.0
            ],
            [
              495.0,
              -5.0
            ]
          ]
        ]
      },
      "properties": {
        "easting_m": 500.0,
        "northing_m": 0.0,
        "predicted_subsidence_mm": 4.989,
        "estimation_variance_mm2": 173.2323,
        "estimation_std_mm": 13.162,
        "confidence_score": 0.275,
        "is_high_uncertainty": true
      }
    },
    {
      "type": "Feature",
      "geometry": {
        "type": "Polygon",
        "coordinates": [
          [
            [
              545.0,
              -5.0
            ],
            [
              555.0,
              -5.0
            ],
            [
              555.0,
              5.0
            ],
            [
              545.0,
              5.0
            ],
            [
              545.0,
              -5.0
            ]
          ]
        ]
      },
      "properties": {
        "easting_m": 550.0,
        "northing_m": 0.0,
        "predicted_subsidence_mm": 4.759,
        "estimation_variance_mm2": 190.9646,
        "estimation_std_mm": 13.819,
        "confidence_score": 0.266,
        "is_high_uncertainty": true
      }
    },
    {
      "type": "Feature",
      "geometry": {
        "type": "Polygon",
        "coordinates": [
          [
            [
              595.0,
              -5.0
            ],
            [
              605.0,
              -5.0
            ],
            [
              605.0,
              5.0
            ],
            [
              595.0,
              5.0
            ],
            [
              595.0,
              -5.0
            ]
          ]
        ]
      },
      "properties": {
        "easting_m": 600.0,
        "northing_m": 0.0,
        "predicted_subsidence_mm": 3.787,
        "estimation_variance_mm2": 221.2899,
        "estimation_std_mm": 14.876,
        "confidence_score": 0.252,
        "is_high_uncertainty": true
      }
    },
    {
      "type": "Feature",
      "geometry": {
        "type": "Polygon",
        "coordinates": [
          [
            [
              645.0,
              -5.0
            ],
            [
              655.0,
              -5.0
            ],
            [
              655.0,
              5.0
            ],
            [
              645.0,
              5.0
            ],
            [
              645.0,
              -5.0
            ]
          ]
        ]
      },
      "properties": {
        "easting_m": 650.0,
        "northing_m": 0.0,
        "predicted_subsidence_mm": 2.279,
        "estimation_variance_mm2": 264.394,
        "estimation_std_mm": 16.26,
        "confidence_score": 0.235,
        "is_high_uncertainty": true
      }
    },
    {
      "type": "Feature",
      "geometry": {
        "type": "Polygon",
        "coordinates": [
          [
            [
              695.0,
              -5.0
            ],
            [
              705.0,
              -5.0
            ],
            [
              705.0,
              5.0
            ],
            [
              695.0,
              5.0
            ],
            [
              695.0,
              -5.0
            ]
          ]
        ]
      },
      "properties": {
        "easting_m": 700.0,
        "northing_m": 0.0,
        "predicted_subsidence_mm": 0.392,
        "estimation_variance_mm2": 320.4226,
        "estimation_std_mm": 17.9,
        "confidence_score": 0.218,
        "is_high_uncertainty": true
      }
    },
    {
      "type": "Feature",
      "geometry": {
        "type": "Polygon",
        "coordinates": [
          [
            [
              745.0,
              -5.0
            ],
            [
              755.0,
              -5.0
            ],
            [
              755.0,
              5.0
            ],
            [
              745.0,
              5.0
            ],
            [
              745.0,
              -5.0
            ]
          ]
        ]
      },
      "properties": {
        "easting_m": 750.0,
        "northing_m": 0.0,
        "predicted_subsidence_mm": -1.77,
        "estimation_variance_mm2": 389.4516,
        "estimation_std_mm": 19.735,
        "confidence_score": 0.202,
        "is_high_uncertainty": true
      }
    },
    {
      "type": "Feature",
      "geometry": {
        "type": "Polygon",
        "coordinates": [
          [
            [
              795.0,
              -5.0
            ],
            [
              805.0,
              -5.0
            ],
            [
              805.0,
              5.0
            ],
            [
              795.0,
              5.0
            ],
            [
              795.0,
              -5.0
            ]
          ]
        ]
      },
      "properties": {
        "easting_m": 800.0,
        "northing_m": 0.0,
        "predicted_subsidence_mm": -4.135,
        "estimation_variance_mm2": 471.5621,
        "estimation_std_mm": 21.715,
        "confidence_score": 0.187,
        "is_high_uncertainty": true
      }
    },
    {
      "type": "Feature",
      "geometry": {
        "type": "Polygon",
        "coordinates": [
          [
            [
              845.0,
              -5.0
            ],
            [
              855.0,
              -5.0
            ],
            [
              855.0,
              5.0
            ],
            [
              845.0,
              5.0
            ],
            [
              845.0,
              -5.0
            ]
          ]
        ]
      },
      "properties": {
        "easting_m": 850.0,
        "northing_m": 0.0,
        "predicted_subsidence_mm": -6.654,
        "estimation_variance_mm2": 566.8898,
        "estimation_std_mm": 23.809,
        "confidence_score": 0.174,
        "is_high_uncertainty": true
      }
    },
    {
      "type": "Feature",
      "geometry": {
        "type": "Polygon",
        "coordinates": [
          [
            [
              895.0,
              -5.0
            ],
            [
              905.0,
              -5.0
            ],
            [
              905.0,
              5.0
            ],
            [
              895.0,
              5.0
            ],
            [
              895.0,
              -5.0
            ]
          ]
        ]
      },
      "properties": {
        "easting_m": 900.0,
        "northing_m": 0.0,
        "predicted_subsidence_mm": -9.29,
        "estimation_variance_mm2": 675.6328,
        "estimation_std_mm": 25.993,
        "confidence_score": 0.161,
        "is_high_uncertainty": true
      }
    },
    {
      "type": "Feature",
      "geometry": {
        "type": "Polygon",
        "coordinates": [
          [
            [
              945.0,
              -5.0
            ],
            [
              955.0,
              -5.0
            ],
            [
              955.0,
              5.0
            ],
            [
              945.0,
              5.0
            ],
            [
              945.0,
              -5.0
            ]
          ]
        ]
      },
      "properties": {
        "easting_m": 950.0,
        "northing_m": 0.0,
        "predicted_subsidence_mm": -12.018,
        "estimation_variance_mm2": 798.0376,
        "estimation_std_mm": 28.25,
        "confidence_score": 0.15,
        "is_high_uncertainty": true
      }
    },
    {
      "type": "Feature",
      "geometry": {
        "type": "Polygon",
        "coordinates": [
          [
            [
              995.0,
              -5.0
            ],
            [
              1005.0,
              -5.0
            ],
            [
              1005.0,
              5.0
            ],
            [
              995.0,
              5.0
            ],
            [
              995.0,
              -5.0
            ]
          ]
        ]
      },
      "properties": {
        "easting_m": 1000.0,
        "northing_m": 0.0,
        "predicted_subsidence_mm": -14.818,
        "estimation_variance_mm2": 934.3801,
        "estimation_std_mm": 30.568,
        "confidence_score": 0.141,
        "is_high_uncertainty": true
      }
    },
    {
      "type": "Feature",
      "geometry": {
        "type": "Polygon",
        "coordinates": [
          [
            [
              -5.0,
              45.0
            ],
            [
              5.0,
              45.0
            ],
            [
              5.0,
              55.0
            ],
            [
              -5.0,
              55.0
            ],
            [
              -5.0,
              45.0
            ]
          ]
        ]
      },
      "properties": {
        "easting_m": 0.0,
        "northing_m": 50.0,
        "predicted_subsidence_mm": -10.453,
        "estimation_variance_mm2": 357.5795,
        "estimation_std_mm": 18.91,
        "confidence_score": 0.209,
        "is_high_uncertainty": true
      }
    },
    {
      "type": "Feature",
      "geometry": {
        "type": "Polygon",
        "coordinates": [
          [
            [
              45.0,
              45.0
            ],
            [
              55.0,
              45.0
            ],
            [
              55.0,
              55.0
            ],
            [
              45.0,
              55.0
            ],
            [
              45.0,
              45.0
            ]
          ]
        ]
      },
      "properties": {
        "easting_m": 50.0,
        "northing_m": 50.0,
        "predicted_subsidence_mm": -6.0,
        "estimation_variance_mm2": 257.1838,
        "estimation_std_mm": 16.037,
        "confidence_score": 0.238,
        "is_high_uncertainty": true
      }
    },
    {
      "type": "Feature",
      "geometry": {
        "type": "Polygon",
        "coordinates": [
          [
            [
              95.0,
              45.0
            ],
            [
              105.0,
              45.0
            ],
            [
              105.0,
              55.0
            ],
            [
              95.0,
              55.0
            ],
            [
              95.0,
              45.0
            ]
          ]
        ]
      },
      "properties": {
        "easting_m": 100.0,
        "northing_m": 50.0,
        "predicted_subsidence_mm": -2.067,
        "estimation_variance_mm2": 186.6598,
        "estimation_std_mm": 13.662,
        "confidence_score": 0.268,
        "is_high_uncertainty": true
      }
    },
    {
      "type": "Feature",
      "geometry": {
        "type": "Polygon",
        "coordinates": [
          [
            [
              145.0,
              45.0
            ],
            [
              155.0,
              45.0
            ],
            [
              155.0,
              55.0
            ],
            [
              145.0,
              55.0
            ],
            [
              145.0,
              45.0
            ]
          ]
        ]
      },
      "properties": {
        "easting_m": 150.0,
        "northing_m": 50.0,
        "predicted_subsidence_mm": 1.043,
        "estimation_variance_mm2": 144.0205,
        "estimation_std_mm": 12.001,
        "confidence_score": 0.294,
        "is_high_uncertainty": true
      }
    },
    {
      "type": "Feature",
      "geometry": {
        "type": "Polygon",
        "coordinates": [
          [
            [
              195.0,
              45.0
            ],
            [
              205.0,
              45.0
            ],
            [
              205.0,
              55.0
            ],
            [
              195.0,
              55.0
            ],
            [
              195.0,
              45.0
            ]
          ]
        ]
      },
      "properties": {
        "easting_m": 200.0,
        "northing_m": 50.0,
        "predicted_subsidence_mm": 2.958,
        "estimation_variance_mm2": 125.0749,
        "estimation_std_mm": 11.184,
        "confidence_score": 0.309,
        "is_high_uncertainty": true
      }
    },
    {
      "type": "Feature",
      "geometry": {
        "type": "Polygon",
        "coordinates": [
          [
            [
              245.0,
              45.0
            ],
            [
              255.0,
              45.0
            ],
            [
              255.0,
              55.0
            ],
            [
              245.0,
              55.0
            ],
            [
              245.0,
              45.0
            ]
          ]
        ]
      },
      "properties": {
        "easting_m": 250.0,
        "northing_m": 50.0,
        "predicted_subsidence_mm": 4.176,
        "estimation_variance_mm2": 118.3379,
        "estimation_std_mm": 10.878,
        "confidence_score": 0.315,
        "is_high_uncertainty": true
      }
    },
    {
      "type": "Feature",
      "geometry": {
        "type": "Polygon",
        "coordinates": [
          [
            [
              295.0,
              45.0
            ],
            [
              305.0,
              45.0
            ],
            [
              305.0,
              55.0
            ],
            [
              295.0,
              55.0
            ],
            [
              295.0,
              45.0
            ]
          ]
        ]
      },
      "properties": {
        "easting_m": 300.0,
        "northing_m": 50.0,
        "predicted_subsidence_mm": 5.41,
        "estimation_variance_mm2": 114.7468,
        "estimation_std_mm": 10.712,
        "confidence_score": 0.318,
        "is_high_uncertainty": true
      }
    },
    {
      "type": "Feature",
      "geometry": {
        "type": "Polygon",
        "coordinates": [
          [
            [
              345.0,
              45.0
            ],
            [
              355.0,
              45.0
            ],
            [
              355.0,
              55.0
            ],
            [
              345.0,
              55.0
            ],
            [
              345.0,
              45.0
            ]
          ]
        ]
      },
      "properties": {
        "easting_m": 350.0,
        "northing_m": 50.0,
        "predicted_subsidence_mm": 6.678,
        "estimation_variance_mm2": 113.4727,
        "estimation_std_mm": 10.652,
        "confidence_score": 0.319,
        "is_high_uncertainty": true
      }
    },
    {
      "type": "Feature",
      "geometry": {
        "type": "Polygon",
        "coordinates": [
          [
            [
              395.0,
              45.0
            ],
            [
              405.0,
              45.0
            ],
            [
              405.0,
              55.0
            ],
            [
              395.0,
              55.0
            ],
            [
              395.0,
              45.0
            ]
          ]
        ]
      },
      "properties": {
        "easting_m": 400.0,
        "northing_m": 50.0,
        "predicted_subsidence_mm": 7.944,
        "estimation_variance_mm2": 113.4404,
        "estimation_std_mm": 10.651,
        "confidence_score": 0.319,
        "is_high_uncertainty": true
      }
    },
    {
      "type": "Feature",
      "geometry": {
        "type": "Polygon",
        "coordinates": [
          [
            [
              445.0,
              45.0
            ],
            [
              455.0,
              45.0
            ],
            [
              455.0,
              55.0
            ],
            [
              445.0,
              55.0
            ],
            [
              445.0,
              45.0
            ]
          ]
        ]
      },
      "properties": {
        "easting_m": 450.0,
        "northing_m": 50.0,
        "predicted_subsidence_mm": 9.17,
        "estimation_variance_mm2": 113.9978,
        "estimation_std_mm": 10.677,
        "confidence_score": 0.319,
        "is_high_uncertainty": true
      }
    },
    {
      "type": "Feature",
      "geometry": {
        "type": "Polygon",
        "coordinates": [
          [
            [
              495.0,
              45.0
            ],
            [
              505.0,
              45.0
            ],
            [
              505.0,
              55.0
            ],
            [
              495.0,
              55.0
            ],
            [
              495.0,
              45.0
            ]
          ]
        ]
      },
      "properties": {
        "easting_m": 500.0,
        "northing_m": 50.0,
        "predicted_subsidence_mm": 9.682,
        "estimation_variance_mm2": 120.7316,
        "estimation_std_mm": 10.988,
        "confidence_score": 0.313,
        "is_high_uncertainty": true
      }
    },
    {
      "type": "Feature",
      "geometry": {
        "type": "Polygon",
        "coordinates": [
          [
            [
              545.0,
              45.0
            ],
            [
              555.0,
              45.0
            ],
            [
              555.0,
              55.0
            ],
            [
              545.0,
              55.0
            ],
            [
              545.0,
              45.0
            ]
          ]
        ]
      },
      "properties": {
        "easting_m": 550.0,
        "northing_m": 50.0,
        "predicted_subsidence_mm": 9.019,
        "estimation_variance_mm2": 138.8909,
        "estimation_std_mm": 11.785,
        "confidence_score": 0.298,
        "is_high_uncertainty": true
      }
    },
    {
      "type": "Feature",
      "geometry": {
        "type": "Polygon",
        "coordinates": [
          [
            [
              595.0,
              45.0
            ],
            [
              605.0,
              45.0
            ],
            [
              605.0,
              55.0
            ],
            [
              595.0,
              55.0
            ],
            [
              595.0,
              45.0
            ]
          ]
        ]
      },
      "properties": {
        "easting_m": 600.0,
        "northing_m": 50.0,
        "predicted_subsidence_mm": 7.568,
        "estimation_variance_mm2": 169.2158,
        "estimation_std_mm": 13.008,
        "confidence_score": 0.278,
        "is_high_uncertainty": true
      }
    },
    {
      "type": "Feature",
      "geometry": {
        "type": "Polygon",
        "coordinates": [
          [
            [
              645.0,
              45.0
            ],
            [
              655.0,
              45.0
            ],
            [
              655.0,
              55.0
            ],
            [
              645.0,
              55.0
            ],
            [
              645.0,
              45.0
            ]
          ]
        ]
      },
      "properties": {
        "easting_m": 650.0,
        "northing_m": 50.0,
        "predicted_subsidence_mm": 5.63,
        "estimation_variance_mm2": 212.3586,
        "estimation_std_mm": 14.573,
        "confidence_score": 0.255,
        "is_high_uncertainty": true
      }
    },
    {
      "type": "Feature",
      "geometry": {
        "type": "Polygon",
        "coordinates": [
          [
            [
              695.0,
              45.0
            ],
            [
              705.0,
              45.0
            ],
            [
              705.0,
              55.0
            ],
            [
              695.0,
              55.0
            ],
            [
              695.0,
              45.0
            ]
          ]
        ]
      },
      "properties": {
        "easting_m": 700.0,
        "northing_m": 50.0,
        "predicted_subsidence_mm": 3.378,
        "estimation_variance_mm2": 268.4939,
        "estimation_std_mm": 16.386,
        "confidence_score": 0.234,
        "is_high_uncertainty": true
      }
    },
    {
      "type": "Feature",
      "geometry": {
        "type": "Polygon",
        "coordinates": [
          [
            [
              745.0,
              45.0
            ],
            [
              755.0,
              45.0
            ],
            [
              755.0,
              55.0
            ],
            [
              745.0,
              55.0
            ],
            [
              745.0,
              45.0
            ]
          ]
        ]
      },
      "properties": {
        "easting_m": 750.0,
        "northing_m": 50.0,
        "predicted_subsidence_mm": 0.91,
        "estimation_variance_mm2": 337.6022,
        "estimation_std_mm": 18.374,
        "confidence_score": 0.214,
        "is_high_uncertainty": true
      }
    },
    {
      "type": "Feature",
      "geometry": {
        "type": "Polygon",
        "coordinates": [
          [
            [
              795.0,
              45.0
            ],
            [
              805.0,
              45.0
            ],
            [
              805.0,
              55.0
            ],
            [
              795.0,
              55.0
            ],
            [
              795.0,
              45.0
            ]
          ]
        ]
      },
      "properties": {
        "easting_m": 800.0,
        "northing_m": 50.0,
        "predicted_subsidence_mm": -1.714,
        "estimation_variance_mm2": 419.709,
        "estimation_std_mm": 20.487,
        "confidence_score": 0.196,
        "is_high_uncertainty": true
      }
    },
    {
      "type": "Feature",
      "geometry": {
        "type": "Polygon",
        "coordinates": [
          [
            [
              845.0,
              45.0
            ],
            [
              855.0,
              45.0
            ],
            [
              855.0,
              55.0
            ],
            [
              845.0,
              55.0
            ],
            [
              845.0,
              45.0
            ]
          ]
        ]
      },
      "properties": {
        "easting_m": 850.0,
        "northing_m": 50.0,
        "predicted_subsidence_mm": -4.453,
        "estimation_variance_mm2": 514.9506,
        "estimation_std_mm": 22.693,
        "confidence_score": 0.181,
        "is_high_uncertainty": true
      }
    },
    {
      "type": "Feature",
      "geometry": {
        "type": "Polygon",
        "coordinates": [
          [
            [
              895.0,
              45.0
            ],
            [
              905.0,
              45.0
            ],
            [
              905.0,
              55.0
            ],
            [
              895.0,
              55.0
            ],
            [
              895.0,
              45.0
            ]
          ]
        ]
      },
      "properties": {
        "easting_m": 900.0,
        "northing_m": 50.0,
        "predicted_subsidence_mm": -7.281,
        "estimation_variance_mm2": 623.5575,
        "estimation_std_mm": 24.971,
        "confidence_score": 0.167,
        "is_high_uncertainty": true
      }
    },
    {
      "type": "Feature",
      "geometry": {
        "type": "Polygon",
        "coordinates": [
          [
            [
              945.0,
              45.0
            ],
            [
              955.0,
              45.0
            ],
            [
              955.0,
              55.0
            ],
            [
              945.0,
              55.0
            ],
            [
              945.0,
              45.0
            ]
          ]
        ]
      },
      "properties": {
        "easting_m": 950.0,
        "northing_m": 50.0,
        "predicted_subsidence_mm": -10.174,
        "estimation_variance_mm2": 745.8183,
        "estimation_std_mm": 27.31,
        "confidence_score": 0.155,
        "is_high_uncertainty": true
      }
    },
    {
      "type": "Feature",
      "geometry": {
        "type": "Polygon",
        "coordinates": [
          [
            [
              995.0,
              45.0
            ],
            [
              1005.0,
              45.0
            ],
            [
              1005.0,
              55.0
            ],
            [
              995.0,
              55.0
            ],
            [
              995.0,
              45.0
            ]
          ]
        ]
      },
      "properties": {
        "easting_m": 1000.0,
        "northing_m": 50.0,
        "predicted_subsidence_mm": -13.119,
        "estimation_variance_mm2": 882.0488,
        "estimation_std_mm": 29.699,
        "confidence_score": 0.144,
        "is_high_uncertainty": true
      }
    },
    {
      "type": "Feature",
      "geometry": {
        "type": "Polygon",
        "coordinates": [
          [
            [
              -5.0,
              95.0
            ],
            [
              5.0,
              95.0
            ],
            [
              5.0,
              105.0
            ],
            [
              -5.0,
              105.0
            ],
            [
              -5.0,
              95.0
            ]
          ]
        ]
      },
      "properties": {
        "easting_m": 0.0,
        "northing_m": 100.0,
        "predicted_subsidence_mm": -7.597,
        "estimation_variance_mm2": 293.8946,
        "estimation_std_mm": 17.143,
        "confidence_score": 0.226,
        "is_high_uncertainty": true
      }
    },
    {
      "type": "Feature",
      "geometry": {
        "type": "Polygon",
        "coordinates": [
          [
            [
              45.0,
              95.0
            ],
            [
              55.0,
              95.0
            ],
            [
              55.0,
              105.0
            ],
            [
              45.0,
              105.0
            ],
            [
              45.0,
              95.0
            ]
          ]
        ]
      },
      "properties": {
        "easting_m": 50.0,
        "northing_m": 100.0,
        "predicted_subsidence_mm": -2.644,
        "estimation_variance_mm2": 194.0034,
        "estimation_std_mm": 13.929,
        "confidence_score": 0.264,
        "is_high_uncertainty": true
      }
    },
    {
      "type": "Feature",
      "geometry": {
        "type": "Polygon",
        "coordinates": [
          [
            [
              95.0,
              95.0
            ],
            [
              105.0,
              95.0
            ],
            [
              105.0,
              105.0
            ],
            [
              95.0,
              105.0
            ],
            [
              95.0,
              95.0
            ]
          ]
        ]
      },
      "properties": {
        "easting_m": 100.0,
        "northing_m": 100.0,
        "predicted_subsidence_mm": 1.919,
        "estimation_variance_mm2": 125.1711,
        "estimation_std_mm": 11.188,
        "confidence_score": 0.309,
        "is_high_uncertainty": true
      }
    },
    {
      "type": "Feature",
      "geometry": {
        "type": "Polygon",
        "coordinates": [
          [
            [
              145.0,
              95.0
            ],
            [
              155.0,
              95.0
            ],
            [
              155.0,
              105.0
            ],
            [
              145.0,
              105.0
            ],
            [
              145.0,
              95.0
            ]
          ]
        ]
      },
      "properties": {
        "easting_m": 150.0,
        "northing_m": 100.0,
        "predicted_subsidence_mm": 5.711,
        "estimation_variance_mm2": 86.6032,
        "estimation_std_mm": 9.306,
        "confidence_score": 0.35,
        "is_high_uncertainty": true
      }
    },
    {
      "type": "Feature",
      "geometry": {
        "type": "Polygon",
        "coordinates": [
          [
            [
              195.0,
              95.0
            ],
            [
              205.0,
              95.0
            ],
            [
              205.0,
              105.0
            ],
            [
              195.0,
              105.0
            ],
            [
              195.0,
              95.0
            ]
          ]
        ]
      },
      "properties": {
        "easting_m": 200.0,
        "northing_m": 100.0,
        "predicted_subsidence_mm": 7.995,
        "estimation_variance_mm2": 72.6067,
        "estimation_std_mm": 8.521,
        "confidence_score": 0.37,
        "is_high_uncertainty": true
      }
    },
    {
      "type": "Feature",
      "geometry": {
        "type": "Polygon",
        "coordinates": [
          [
            [
              245.0,
              95.0
            ],
            [
              255.0,
              95.0
            ],
            [
              255.0,
              105.0
            ],
            [
              245.0,
              105.0
            ],
            [
              245.0,
              95.0
            ]
          ]
        ]
      },
      "properties": {
        "easting_m": 250.0,
        "northing_m": 100.0,
        "predicted_subsidence_mm": 9.222,
        "estimation_variance_mm2": 68.791,
        "estimation_std_mm": 8.294,
        "confidence_score": 0.376,
        "is_high_uncertainty": true
      }
    },
    {
      "type": "Feature",
      "geometry": {
        "type": "Polygon",
        "coordinates": [
          [
            [
              295.0,
              95.0
            ],
            [
              305.0,
              95.0
            ],
            [
              305.0,
              105.0
            ],
            [
              295.0,
              105.0
            ],
            [
              295.0,
              95.0
            ]
          ]
        ]
      },
      "properties": {
        "easting_m": 300.0,
        "northing_m": 100.0,
        "predicted_subsidence_mm": 10.444,
        "estimation_variance_mm2": 67.1742,
        "estimation_std_mm": 8.196,
        "confidence_score": 0.379,
        "is_high_uncertainty": true
      }
    },
    {
      "type": "Feature",
      "geometry": {
        "type": "Polygon",
        "coordinates": [
          [
            [
              345.0,
              95.0
            ],
            [
              355.0,
              95.0
            ],
            [
              355.0,
              105.0
            ],
            [
              345.0,
              105.0
            ],
            [
              345.0,
              95.0
            ]
          ]
        ]
      },
      "properties": {
        "easting_m": 350.0,
        "northing_m": 100.0,
        "predicted_subsidence_mm": 11.772,
        "estimation_variance_mm2": 69.4136,
        "estimation_std_mm": 8.331,
        "confidence_score": 0.375,
        "is_high_uncertainty": true
      }
    },
    {
      "type": "Feature",
      "geometry": {
        "type": "Polygon",
        "coordinates": [
          [
            [
              395.0,
              95.0
            ],
            [
              405.0,
              95.0
            ],
            [
              405.0,
              105.0
            ],
            [
              395.0,
              105.0
            ],
            [
              395.0,
              95.0
            ]
          ]
        ]
      },
      "properties": {
        "easting_m": 400.0,
        "northing_m": 100.0,
        "predicted_subsidence_mm": 13.071,
        "estimation_variance_mm2": 73.0098,
        "estimation_std_mm": 8.545,
        "confidence_score": 0.369,
        "is_high_uncertainty": true
      }
    },
    {
      "type": "Feature",
      "geometry": {
        "type": "Polygon",
        "coordinates": [
          [
            [
              445.0,
              95.0
            ],
            [
              455.0,
              95.0
            ],
            [
              455.0,
              105.0
            ],
            [
              445.0,
              105.0
            ],
            [
              445.0,
              95.0
            ]
          ]
        ]
      },
      "properties": {
        "easting_m": 450.0,
        "northing_m": 100.0,
        "predicted_subsidence_mm": 14.24,
        "estimation_variance_mm2": 75.9475,
        "estimation_std_mm": 8.715,
        "confidence_score": 0.365,
        "is_high_uncertainty": true
      }
    },
    {
      "type": "Feature",
      "geometry": {
        "type": "Polygon",
        "coordinates": [
          [
            [
              495.0,
              95.0
            ],
            [
              505.0,
              95.0
            ],
            [
              505.0,
              105.0
            ],
            [
              495.0,
              105.0
            ],
            [
              495.0,
              95.0
            ]
          ]
        ]
      },
      "properties": {
        "easting_m": 500.0,
        "northing_m": 100.0,
        "predicted_subsidence_mm": 14.345,
        "estimation_variance_mm2": 83.0546,
        "estimation_std_mm": 9.113,
        "confidence_score": 0.354,
        "is_high_uncertainty": true
      }
    },
    {
      "type": "Feature",
      "geometry": {
        "type": "Polygon",
        "coordinates": [
          [
            [
              545.0,
              95.0
            ],
            [
              555.0,
              95.0
            ],
            [
              555.0,
              105.0
            ],
            [
              545.0,
              105.0
            ],
            [
              545.0,
              95.0
            ]
          ]
        ]
      },
      "properties": {
        "easting_m": 550.0,
        "northing_m": 100.0,
        "predicted_subsidence_mm": 12.983,
        "estimation_variance_mm2": 100.0042,
        "estimation_std_mm": 10.0,
        "confidence_score": 0.333,
        "is_high_uncertainty": true
      }
    },
    {
      "type": "Feature",
      "geometry": {
        "type": "Polygon",
        "coordinates": [
          [
            [
              595.0,
              95.0
            ],
            [
              605.0,
              95.0
            ],
            [
              605.0,
              105.0
            ],
            [
              595.0,
              105.0
            ],
            [
              595.0,
              95.0
            ]
          ]
        ]
      },
      "properties": {
        "easting_m": 600.0,
        "northing_m": 100.0,
        "predicted_subsidence_mm": 10.918,
        "estimation_variance_mm2": 129.5132,
        "estimation_std_mm": 11.38,
        "confidence_score": 0.305,
        "is_high_uncertainty": true
      }
    },
    {
      "type": "Feature",
      "geometry": {
        "type": "Polygon",
        "coordinates": [
          [
            [
              645.0,
              95.0
            ],
            [
              655.0,
              95.0
            ],
            [
              655.0,
              105.0
            ],
            [
              645.0,
              105.0
            ],
            [
              645.0,
              95.0
            ]
          ]
        ]
      },
      "properties": {
        "easting_m": 650.0,
        "northing_m": 100.0,
        "predicted_subsidence_mm": 8.513,
        "estimation_variance_mm2": 172.5081,
        "estimation_std_mm": 13.134,
        "confidence_score": 0.276,
        "is_high_uncertainty": true
      }
    },
    {
      "type": "Feature",
      "geometry": {
        "type": "Polygon",
        "coordinates": [
          [
            [
              695.0,
              95.0
            ],
            [
              705.0,
              95.0
            ],
            [
              705.0,
              105.0
            ],
            [
              695.0,
              105.0
            ],
            [
              695.0,
              95.0
            ]
          ]
        ]
      },
      "properties": {
        "easting_m": 700.0,
        "northing_m": 100.0,
        "predicted_subsidence_mm": 5.904,
        "estimation_variance_mm2": 228.7247,
        "estimation_std_mm": 15.124,
        "confidence_score": 0.248,
        "is_high_uncertainty": true
      }
    },
    {
      "type": "Feature",
      "geometry": {
        "type": "Polygon",
        "coordinates": [
          [
            [
              745.0,
              95.0
            ],
            [
              755.0,
              95.0
            ],
            [
              755.0,
              105.0
            ],
            [
              745.0,
              105.0
            ],
            [
              745.0,
              95.0
            ]
          ]
        ]
      },
      "properties": {
        "easting_m": 750.0,
        "northing_m": 100.0,
        "predicted_subsidence_mm": 3.151,
        "estimation_variance_mm2": 297.8485,
        "estimation_std_mm": 17.258,
        "confidence_score": 0.225,
        "is_high_uncertainty": true
      }
    },
    {
      "type": "Feature",
      "geometry": {
        "type": "Polygon",
        "coordinates": [
          [
            [
              795.0,
              95.0
            ],
            [
              805.0,
              95.0
            ],
            [
              805.0,
              105.0
            ],
            [
              795.0,
              105.0
            ],
            [
              795.0,
              95.0
            ]
          ]
        ]
      },
      "properties": {
        "easting_m": 800.0,
        "northing_m": 100.0,
        "predicted_subsidence_mm": 0.292,
        "estimation_variance_mm2": 379.8279,
        "estimation_std_mm": 19.489,
        "confidence_score": 0.204,
        "is_high_uncertainty": true
      }
    },
    {
      "type": "Feature",
      "geometry": {
        "type": "Polygon",
        "coordinates": [
          [
            [
              845.0,
              95.0
            ],
            [
              855.0,
              95.0
            ],
            [
              855.0,
              105.0
            ],
            [
              845.0,
              105.0
            ],
            [
              845.0,
              95.0
            ]
          ]
        ]
      },
      "properties": {
        "easting_m": 850.0,
        "northing_m": 100.0,
        "predicted_subsidence_mm": -2.646,
        "estimation_variance_mm2": 474.8295,
        "estimation_std_mm": 21.791,
        "confidence_score": 0.187,
        "is_high_uncertainty": true
      }
    },
    {
      "type": "Feature",
      "geometry": {
        "type": "Polygon",
        "coordinates": [
          [
            [
              895.0,
              95.0
            ],
            [
              905.0,
              95.0
            ],
            [
              905.0,
              105.0
            ],
            [
              895.0,
              105.0
            ],
            [
              895.0,
              95.0
            ]
          ]
        ]
      },
      "properties": {
        "easting_m": 900.0,
        "northing_m": 100.0,
        "predicted_subsidence_mm": -5.642,
        "estimation_variance_mm2": 583.1454,
        "estimation_std_mm": 24.148,
        "confidence_score": 0.172,
        "is_high_uncertainty": true
      }
    },
    {
      "type": "Feature",
      "geometry": {
        "type": "Polygon",
        "coordinates": [
          [
            [
              945.0,
              95.0
            ],
            [
              955.0,
              95.0
            ],
            [
              955.0,
              105.0
            ],
            [
              945.0,
              105.0
            ],
            [
              945.0,
              95.0
            ]
          ]
        ]
      },
      "properties": {
        "easting_m": 950.0,
        "northing_m": 100.0,
        "predicted_subsidence_mm": -8.681,
        "estimation_variance_mm2": 705.1246,
        "estimation_std_mm": 26.554,
        "confidence_score": 0.158,
        "is_high_uncertainty": true
      }
    },
    {
      "type": "Feature",
      "geometry": {
        "type": "Polygon",
        "coordinates": [
          [
            [
              995.0,
              95.0
            ],
            [
              1005.0,
              95.0
            ],
            [
              1005.0,
              105.0
            ],
            [
              995.0,
              105.0
            ],
            [
              995.0,
              95.0
            ]
          ]
        ]
      },
      "properties": {
        "easting_m": 1000.0,
        "northing_m": 100.0,
        "predicted_subsidence_mm": -11.751,
        "estimation_variance_mm2": 841.1309,
        "estimation_std_mm": 29.002,
        "confidence_score": 0.147,
        "is_high_uncertainty": true
      }
    },
    {
      "type": "Feature",
      "geometry": {
        "type": "Polygon",
        "coordinates": [
          [
            [
              -5.0,
              145.0
            ],
            [
              5.0,
              145.0
            ],
            [
              5.0,
              155.0
            ],
            [
              -5.0,
              155.0
            ],
            [
              -5.0,
              145.0
            ]
          ]
        ]
      },
      "properties": {
        "easting_m": 0.0,
        "northing_m": 150.0,
        "predicted_subsidence_mm": -5.425,
        "estimation_variance_mm2": 252.0541,
        "estimation_std_mm": 15.876,
        "confidence_score": 0.24,
        "is_high_uncertainty": true
      }
    },
    {
      "type": "Feature",
      "geometry": {
        "type": "Polygon",
        "coordinates": [
          [
            [
              45.0,
              145.0
            ],
            [
              55.0,
              145.0
            ],
            [
              55.0,
              155.0
            ],
            [
              45.0,
              155.0
            ],
            [
              45.0,
              145.0
            ]
          ]
        ]
      },
      "properties": {
        "easting_m": 50.0,
        "northing_m": 150.0,
        "predicted_subsidence_mm": -0.009,
        "estimation_variance_mm2": 151.7741,
        "estimation_std_mm": 12.32,
        "confidence_score": 0.289,
        "is_high_uncertainty": true
      }
    },
    {
      "type": "Feature",
      "geometry": {
        "type": "Polygon",
        "coordinates": [
          [
            [
              95.0,
              145.0
            ],
            [
              105.0,
              145.0
            ],
            [
              105.0,
              155.0
            ],
            [
              95.0,
              155.0
            ],
            [
              95.0,
              145.0
            ]
          ]
        ]
      },
      "properties": {
        "easting_m": 100.0,
        "northing_m": 150.0,
        "predicted_subsidence_mm": 5.245,
        "estimation_variance_mm2": 82.7045,
        "estimation_std_mm": 9.094,
        "confidence_score": 0.355,
        "is_high_uncertainty": true
      }
    },
    {
      "type": "Feature",
      "geometry": {
        "type": "Polygon",
        "coordinates": [
          [
            [
              145.0,
              145.0
            ],
            [
              155.0,
              145.0
            ],
            [
              155.0,
              155.0
            ],
            [
              145.0,
              155.0
            ],
            [
              145.0,
              145.0
            ]
          ]
        ]
      },
      "properties": {
        "easting_m": 150.0,
        "northing_m": 150.0,
        "predicted_subsidence_mm": 10.099,
        "estimation_variance_mm2": 47.6438,
        "estimation_std_mm": 6.902,
        "confidence_score": 0.42,
        "is_high_uncertainty": true
      }
    },
    {
      "type": "Feature",
      "geometry": {
        "type": "Polygon",
        "coordinates": [
          [
            [
              195.0,
              145.0
            ],
            [
              205.0,
              145.0
            ],
            [
              205.0,
              155.0
            ],
            [
              195.0,
              155.0
            ],
            [
              195.0,
              145.0
            ]
          ]
        ]
      },
      "properties": {
        "easting_m": 200.0,
        "northing_m": 150.0,
        "predicted_subsidence_mm": 13.327,
        "estimation_variance_mm2": 41.6964,
        "estimation_std_mm": 6.457,
        "confidence_score": 0.436,
        "is_high_uncertainty": true
      }
    },
    {
      "type": "Feature",
      "geometry": {
        "type": "Polygon",
        "coordinates": [
          [
            [
              245.0,
              145.0
            ],
            [
              255.0,
              145.0
            ],
            [
              255.0,
              155.0
            ],
            [
              245.0,
              155.0
            ],
            [
              245.0,
              145.0
            ]
          ]
        ]
      },
      "properties": {
        "easting_m": 250.0,
        "northing_m": 150.0,
        "predicted_subsidence_mm": 14.602,
        "estimation_variance_mm2": 39.2825,
        "estimation_std_mm": 6.268,
        "confidence_score": 0.444,
        "is_high_uncertainty": true
      }
    },
    {
      "type": "Feature",
      "geometry": {
        "type": "Polygon",
        "coordinates": [
          [
            [
              295.0,
              145.0
            ],
            [
              305.0,
              145.0
            ],
            [
              305.0,
              155.0
            ],
            [
              295.0,
              155.0
            ],
            [
              295.0,
              145.0
            ]
          ]
        ]
      },
      "properties": {
        "easting_m": 300.0,
        "northing_m": 150.0,
        "predicted_subsidence_mm": 15.691,
        "estimation_variance_mm2": 35.034,
        "estimation_std_mm": 5.919,
        "confidence_score": 0.458,
        "is_high_uncertainty": true
      }
    },
    {
      "type": "Feature",
      "geometry": {
        "type": "Polygon",
        "coordinates": [
          [
            [
              345.0,
              145.0
            ],
            [
              355.0,
              145.0
            ],
            [
              355.0,
              155.0
            ],
            [
              345.0,
              155.0
            ],
            [
              345.0,
              145.0
            ]
          ]
        ]
      },
      "properties": {
        "easting_m": 350.0,
        "northing_m": 150.0,
        "predicted_subsidence_mm": 17.226,
        "estimation_variance_mm2": 42.6809,
        "estimation_std_mm": 6.533,
        "confidence_score": 0.434,
        "is_high_uncertainty": true
      }
    },
    {
      "type": "Feature",
      "geometry": {
        "type": "Polygon",
        "coordinates": [
          [
            [
              395.0,
              145.0
            ],
            [
              405.0,
              145.0
            ],
            [
              405.0,
              155.0
            ],
            [
              395.0,
              155.0
            ],
            [
              395.0,
              145.0
            ]
          ]
        ]
      },
      "properties": {
        "easting_m": 400.0,
        "northing_m": 150.0,
        "predicted_subsidence_mm": 18.566,
        "estimation_variance_mm2": 50.265,
        "estimation_std_mm": 7.09,
        "confidence_score": 0.414,
        "is_high_uncertainty": true
      }
    },
    {
      "type": "Feature",
      "geometry": {
        "type": "Polygon",
        "coordinates": [
          [
            [
              445.0,
              145.0
            ],
            [
              455.0,
              145.0
            ],
            [
              455.0,
              155.0
            ],
            [
              445.0,
              155.0
            ],
            [
              445.0,
              145.0
            ]
          ]
        ]
      },
      "properties": {
        "easting_m": 450.0,
        "northing_m": 150.0,
        "predicted_subsidence_mm": 19.574,
        "estimation_variance_mm2": 54.5013,
        "estimation_std_mm": 7.383,
        "confidence_score": 0.404,
        "is_high_uncertainty": true
      }
    },
    {
      "type": "Feature",
      "geometry": {
        "type": "Polygon",
        "coordinates": [
          [
            [
              495.0,
              145.0
            ],
            [
              505.0,
              145.0
            ],
            [
              505.0,
              155.0
            ],
            [
              495.0,
              155.0
            ],
            [
              495.0,
              145.0
            ]
          ]
        ]
      },
      "properties": {
        "easting_m": 500.0,
        "northing_m": 150.0,
        "predicted_subsidence_mm": 18.706,
        "estimation_variance_mm2": 58.7304,
        "estimation_std_mm": 7.664,
        "confidence_score": 0.395,
        "is_high_uncertainty": true
      }
    },
    {
      "type": "Feature",
      "geometry": {
        "type": "Polygon",
        "coordinates": [
          [
            [
              545.0,
              145.0
            ],
            [
              555.0,
              145.0
            ],
            [
              555.0,
              155.0
            ],
            [
              545.0,
              155.0
            ],
            [
              545.0,
              145.0
            ]
          ]
        ]
      },
      "properties": {
        "easting_m": 550.0,
        "northing_m": 150.0,
        "predicted_subsidence_mm": 16.256,
        "estimation_variance_mm2": 72.0684,
        "estimation_std_mm": 8.489,
        "confidence_score": 0.371,
        "is_high_uncertainty": true
      }
    },
    {
      "type": "Feature",
      "geometry": {
        "type": "Polygon",
        "coordinates": [
          [
            [
              595.0,
              145.0
            ],
            [
              605.0,
              145.0
            ],
            [
              605.0,
              155.0
            ],
            [
              595.0,
              155.0
            ],
            [
              595.0,
              145.0
            ]
          ]
        ]
      },
      "properties": {
        "easting_m": 600.0,
        "northing_m": 150.0,
        "predicted_subsidence_mm": 13.55,
        "estimation_variance_mm2": 100.8134,
        "estimation_std_mm": 10.041,
        "confidence_score": 0.332,
        "is_high_uncertainty": true
      }
    },
    {
      "type": "Feature",
      "geometry": {
        "type": "Polygon",
        "coordinates": [
          [
            [
              645.0,
              145.0
            ],
            [
              655.0,
              145.0
            ],
            [
              655.0,
              155.0
            ],
            [
              645.0,
              155.0
            ],
            [
              645.0,
              145.0
            ]
          ]
        ]
      },
      "properties": {
        "easting_m": 650.0,
        "northing_m": 150.0,
        "predicted_subsidence_mm": 10.75,
        "estimation_variance_mm2": 144.2472,
        "estimation_std_mm": 12.01,
        "confidence_score": 0.294,
        "is_high_uncertainty": true
      }
    },
    {
      "type": "Feature",
      "geometry": {
        "type": "Polygon",
        "coordinates": [
          [
            [
              695.0,
              145.0
            ],
            [
              705.0,
              145.0
            ],
            [
              705.0,
              155.0
            ],
            [
              695.0,
              155.0
            ],
            [
              695.0,
              145.0
            ]
          ]
        ]
      },
      "properties": {
        "easting_m": 700.0,
        "northing_m": 150.0,
        "predicted_subsidence_mm": 7.854,
        "estimation_variance_mm2": 200.8371,
        "estimation_std_mm": 14.172,
        "confidence_score": 0.261,
        "is_high_uncertainty": true
      }
    },
    {
      "type": "Feature",
      "geometry": {
        "type": "Polygon",
        "coordinates": [
          [
            [
              745.0,
              145.0
            ],
            [
              755.0,
              145.0
            ],
            [
              755.0,
              155.0
            ],
            [
              745.0,
              155.0
            ],
            [
              745.0,
              145.0
            ]
          ]
        ]
      },
      "properties": {
        "easting_m": 750.0,
        "northing_m": 150.0,
        "predicted_subsidence_mm": 4.871,
        "estimation_variance_mm2": 269.9878,
        "estimation_std_mm": 16.431,
        "confidence_score": 0.233,
        "is_high_uncertainty": true
      }
    },
    {
      "type": "Feature",
      "geometry": {
        "type": "Polygon",
        "coordinates": [
          [
            [
              795.0,
              145.0
            ],
            [
              805.0,
              145.0
            ],
            [
              805.0,
              155.0
            ],
            [
              795.0,
              155.0
            ],
            [
              795.0,
              145.0
            ]
          ]
        ]
      },
      "properties": {
        "easting_m": 800.0,
        "northing_m": 150.0,
        "predicted_subsidence_mm": 1.82,
        "estimation_variance_mm2": 351.7148,
        "estimation_std_mm": 18.754,
        "confidence_score": 0.21,
        "is_high_uncertainty": true
      }
    },
    {
      "type": "Feature",
      "geometry": {
        "type": "Polygon",
        "coordinates": [
          [
            [
              845.0,
              145.0
            ],
            [
              855.0,
              145.0
            ],
            [
              855.0,
              155.0
            ],
            [
              845.0,
              155.0
            ],
            [
              845.0,
              145.0
            ]
          ]
        ]
      },
      "properties": {
        "easting_m": 850.0,
        "northing_m": 150.0,
        "predicted_subsidence_mm": -1.28,
        "estimation_variance_mm2": 446.3122,
        "estimation_std_mm": 21.126,
        "confidence_score": 0.191,
        "is_high_uncertainty": true
      }
    },
    {
      "type": "Feature",
      "geometry": {
        "type": "Polygon",
        "coordinates": [
          [
            [
              895.0,
              145.0
            ],
            [
              905.0,
              145.0
            ],
            [
              905.0,
              155.0
            ],
            [
              895.0,
              155.0
            ],
            [
              895.0,
              145.0
            ]
          ]
        ]
      },
      "properties": {
        "easting_m": 900.0,
        "northing_m": 150.0,
        "predicted_subsidence_mm": -4.414,
        "estimation_variance_mm2": 554.183,
        "estimation_std_mm": 23.541,
        "confidence_score": 0.175,
        "is_high_uncertainty": true
      }
    },
    {
      "type": "Feature",
      "geometry": {
        "type": "Polygon",
        "coordinates": [
          [
            [
              945.0,
              145.0
            ],
            [
              955.0,
              145.0
            ],
            [
              955.0,
              155.0
            ],
            [
              945.0,
              155.0
            ],
            [
              945.0,
              145.0
            ]
          ]
        ]
      },
      "properties": {
        "easting_m": 950.0,
        "northing_m": 150.0,
        "predicted_subsidence_mm": -7.571,
        "estimation_variance_mm2": 675.7572,
        "estimation_std_mm": 25.995,
        "confidence_score": 0.161,
        "is_high_uncertainty": true
      }
    },
    {
      "type": "Feature",
      "geometry": {
        "type": "Polygon",
        "coordinates": [
          [
            [
              995.0,
              145.0
            ],
            [
              1005.0,
              145.0
            ],
            [
              1005.0,
              155.0
            ],
            [
              995.0,
              155.0
            ],
            [
              995.0,
              145.0
            ]
          ]
        ]
      },
      "properties": {
        "easting_m": 1000.0,
        "northing_m": 150.0,
        "predicted_subsidence_mm": -10.741,
        "estimation_variance_mm2": 811.4517,
        "estimation_std_mm": 28.486,
        "confidence_score": 0.149,
        "is_high_uncertainty": true
      }
    },
    {
      "type": "Feature",
      "geometry": {
        "type": "Polygon",
        "coordinates": [
          [
            [
              -5.0,
              195.0
            ],
            [
              5.0,
              195.0
            ],
            [
              5.0,
              205.0
            ],
            [
              -5.0,
              205.0
            ],
            [
              -5.0,
              195.0
            ]
          ]
        ]
      },
      "properties": {
        "easting_m": 0.0,
        "northing_m": 200.0,
        "predicted_subsidence_mm": -4.137,
        "estimation_variance_mm2": 233.7826,
        "estimation_std_mm": 15.29,
        "confidence_score": 0.246,
        "is_high_uncertainty": true
      }
    },
    {
      "type": "Feature",
      "geometry": {
        "type": "Polygon",
        "coordinates": [
          [
            [
              45.0,
              195.0
            ],
            [
              55.0,
              195.0
            ],
            [
              55.0,
              205.0
            ],
            [
              45.0,
              205.0
            ],
            [
              45.0,
              195.0
            ]
          ]
        ]
      },
      "properties": {
        "easting_m": 50.0,
        "northing_m": 200.0,
        "predicted_subsidence_mm": 1.56,
        "estimation_variance_mm2": 133.4078,
        "estimation_std_mm": 11.55,
        "confidence_score": 0.302,
        "is_high_uncertainty": true
      }
    },
    {
      "type": "Feature",
      "geometry": {
        "type": "Polygon",
        "coordinates": [
          [
            [
              95.0,
              195.0
            ],
            [
              105.0,
              195.0
            ],
            [
              105.0,
              205.0
            ],
            [
              95.0,
              205.0
            ],
            [
              95.0,
              195.0
            ]
          ]
        ]
      },
      "properties": {
        "easting_m": 100.0,
        "northing_m": 200.0,
        "predicted_subsidence_mm": 7.256,
        "estimation_variance_mm2": 63.3965,
        "estimation_std_mm": 7.962,
        "confidence_score": 0.386,
        "is_high_uncertainty": true
      }
    },
    {
      "type": "Feature",
      "geometry": {
        "type": "Polygon",
        "coordinates": [
          [
            [
              145.0,
              195.0
            ],
            [
              155.0,
              195.0
            ],
            [
              155.0,
              205.0
            ],
            [
              145.0,
              205.0
            ],
            [
              145.0,
              195.0
            ]
          ]
        ]
      },
      "properties": {
        "easting_m": 150.0,
        "northing_m": 200.0,
        "predicted_subsidence_mm": 12.917,
        "estimation_variance_mm2": 22.9613,
        "estimation_std_mm": 4.792,
        "confidence_score": 0.511,
        "is_high_uncertainty": false
      }
    },
    {
      "type": "Feature",
      "geometry": {
        "type": "Polygon",
        "coordinates": [
          [
            [
              195.0,
              195.0
            ],
            [
              205.0,
              195.0
            ],
            [
              205.0,
              205.0
            ],
            [
              195.0,
              205.0
            ],
            [
              195.0,
              195.0
            ]
          ]
        ]
      },
      "properties": {
        "easting_m": 200.0,
        "northing_m": 200.0,
        "predicted_subsidence_mm": 19.188,
        "estimation_variance_mm2": 37.5504,
        "estimation_std_mm": 6.128,
        "confidence_score": 0.449,
        "is_high_uncertainty": true
      }
    },
    {
      "type": "Feature",
      "geometry": {
        "type": "Polygon",
        "coordinates": [
          [
            [
              245.0,
              195.0
            ],
            [
              255.0,
              195.0
            ],
            [
              255.0,
              205.0
            ],
            [
              245.0,
              205.0
            ],
            [
              245.0,
              195.0
            ]
          ]
        ]
      },
      "properties": {
        "easting_m": 250.0,
        "northing_m": 200.0,
        "predicted_subsidence_mm": 20.801,
        "estimation_variance_mm2": 36.1259,
        "estimation_std_mm": 6.01,
        "confidence_score": 0.454,
        "is_high_uncertainty": true
      }
    },
    {
      "type": "Feature",
      "geometry": {
        "type": "Polygon",
        "coordinates": [
          [
            [
              295.0,
              195.0
            ],
            [
              305.0,
              195.0
            ],
            [
              305.0,
              205.0
            ],
            [
              295.0,
              205.0
            ],
            [
              295.0,
              195.0
            ]
          ]
        ]
      },
      "properties": {
        "easting_m": 300.0,
        "northing_m": 200.0,
        "predicted_subsidence_mm": 21.928,
        "estimation_variance_mm2": 30.1073,
        "estimation_std_mm": 5.487,
        "confidence_score": 0.477,
        "is_high_uncertainty": true
      }
    },
    {
      "type": "Feature",
      "geometry": {
        "type": "Polygon",
        "coordinates": [
          [
            [
              345.0,
              195.0
            ],
            [
              355.0,
              195.0
            ],
            [
              355.0,
              205.0
            ],
            [
              345.0,
              205.0
            ],
            [
              345.0,
              195.0
            ]
          ]
        ]
      },
      "properties": {
        "easting_m": 350.0,
        "northing_m": 200.0,
        "predicted_subsidence_mm": 23.502,
        "estimation_variance_mm2": 39.3389,
        "estimation_std_mm": 6.272,
        "confidence_score": 0.444,
        "is_high_uncertainty": true
      }
    },
    {
      "type": "Feature",
      "geometry": {
        "type": "Polygon",
        "coordinates": [
          [
            [
              395.0,
              195.0
            ],
            [
              405.0,
              195.0
            ],
            [
              405.0,
              205.0
            ],
            [
              395.0,
              205.0
            ],
            [
              395.0,
              195.0
            ]
          ]
        ]
      },
      "properties": {
        "easting_m": 400.0,
        "northing_m": 200.0,
        "predicted_subsidence_mm": 24.663,
        "estimation_variance_mm2": 46.6987,
        "estimation_std_mm": 6.834,
        "confidence_score": 0.423,
        "is_high_uncertainty": true
      }
    },
    {
      "type": "Feature",
      "geometry": {
        "type": "Polygon",
        "coordinates": [
          [
            [
              445.0,
              195.0
            ],
            [
              455.0,
              195.0
            ],
            [
              455.0,
              205.0
            ],
            [
              445.0,
              205.0
            ],
            [
              445.0,
              195.0
            ]
          ]
        ]
      },
      "properties": {
        "easting_m": 450.0,
        "northing_m": 200.0,
        "predicted_subsidence_mm": 25.308,
        "estimation_variance_mm2": 49.9402,
        "estimation_std_mm": 7.067,
        "confidence_score": 0.414,
        "is_high_uncertainty": true
      }
    },
    {
      "type": "Feature",
      "geometry": {
        "type": "Polygon",
        "coordinates": [
          [
            [
              495.0,
              195.0
            ],
            [
              505.0,
              195.0
            ],
            [
              505.0,
              205.0
            ],
            [
              495.0,
              205.0
            ],
            [
              495.0,
              195.0
            ]
          ]
        ]
      },
      "properties": {
        "easting_m": 500.0,
        "northing_m": 200.0,
        "predicted_subsidence_mm": 21.499,
        "estimation_variance_mm2": 41.67,
        "estimation_std_mm": 6.455,
        "confidence_score": 0.436,
        "is_high_uncertainty": true
      }
    },
    {
      "type": "Feature",
      "geometry": {
        "type": "Polygon",
        "coordinates": [
          [
            [
              545.0,
              195.0
            ],
            [
              555.0,
              195.0
            ],
            [
              555.0,
              205.0
            ],
            [
              545.0,
              205.0
            ],
            [
              545.0,
              195.0
            ]
          ]
        ]
      },
      "properties": {
        "easting_m": 550.0,
        "northing_m": 200.0,
        "predicted_subsidence_mm": 18.126,
        "estimation_variance_mm2": 51.5356,
        "estimation_std_mm": 7.179,
        "confidence_score": 0.411,
        "is_high_uncertainty": true
      }
    },
    {
      "type": "Feature",
      "geometry": {
        "type": "Polygon",
        "coordinates": [
          [
            [
              595.0,
              195.0
            ],
            [
              605.0,
              195.0
            ],
            [
              605.0,
              205.0
            ],
            [
              595.0,
              205.0
            ],
            [
              595.0,
              195.0
            ]
          ]
        ]
      },
      "properties": {
        "easting_m": 600.0,
        "northing_m": 200.0,
        "predicted_subsidence_mm": 15.167,
        "estimation_variance_mm2": 82.6367,
        "estimation_std_mm": 9.09,
        "confidence_score": 0.355,
        "is_high_uncertainty": true
      }
    },
    {
      "type": "Feature",
      "geometry": {
        "type": "Polygon",
        "coordinates": [
          [
            [
              645.0,
              195.0
            ],
            [
              655.0,
              195.0
            ],
            [
              655.0,
              205.0
            ],
            [
              645.0,
              205.0
            ],
            [
              645.0,
              195.0
            ]
          ]
        ]
      },
      "properties": {
        "easting_m": 650.0,
        "northing_m": 200.0,
        "predicted_subsidence_mm": 12.197,
        "estimation_variance_mm2": 127.8411,
        "estimation_std_mm": 11.307,
        "confidence_score": 0.307,
        "is_high_uncertainty": true
      }
    },
    {
      "type": "Feature",
      "geometry": {
        "type": "Polygon",
        "coordinates": [
          [
            [
              695.0,
              195.0
            ],
            [
              705.0,
              195.0
            ],
            [
              705.0,
              205.0
            ],
            [
              695.0,
              205.0
            ],
            [
              695.0,
              195.0
            ]
          ]
        ]
      },
      "properties": {
        "easting_m": 700.0,
        "northing_m": 200.0,
        "predicted_subsidence_mm": 9.138,
        "estimation_variance_mm2": 185.0098,
        "estimation_std_mm": 13.602,
        "confidence_score": 0.269,
        "is_high_uncertainty": true
      }
    },
    {
      "type": "Feature",
      "geometry": {
        "type": "Polygon",
        "coordinates": [
          [
            [
              745.0,
              195.0
            ],
            [
              755.0,
              195.0
            ],
            [
              755.0,
              205.0
            ],
            [
              745.0,
              205.0
            ],
            [
              745.0,
              195.0
            ]
          ]
        ]
      },
      "properties": {
        "easting_m": 750.0,
        "northing_m": 200.0,
        "predicted_subsidence_mm": 6.004,
        "estimation_variance_mm2": 254.0141,
        "estimation_std_mm": 15.938,
        "confidence_score": 0.239,
        "is_high_uncertainty": true
      }
    },
    {
      "type": "Feature",
      "geometry": {
        "type": "Polygon",
        "coordinates": [
          [
            [
              795.0,
              195.0
            ],
            [
              805.0,
              195.0
            ],
            [
              805.0,
              205.0
            ],
            [
              795.0,
              205.0
            ],
            [
              795.0,
              195.0
            ]
          ]
        ]
      },
      "properties": {
        "easting_m": 800.0,
        "northing_m": 200.0,
        "predicted_subsidence_mm": 2.82,
        "estimation_variance_mm2": 335.237,
        "estimation_std_mm": 18.309,
        "confidence_score": 0.215,
        "is_high_uncertainty": true
      }
    },
    {
      "type": "Feature",
      "geometry": {
        "type": "Polygon",
        "coordinates": [
          [
            [
              845.0,
              195.0
            ],
            [
              855.0,
              195.0
            ],
            [
              855.0,
              205.0
            ],
            [
              845.0,
              205.0
            ],
            [
              845.0,
              195.0
            ]
          ]
        ]
      },
      "properties": {
        "easting_m": 850.0,
        "northing_m": 200.0,
        "predicted_subsidence_mm": -0.396,
        "estimation_variance_mm2": 429.2041,
        "estimation_std_mm": 20.717,
        "confidence_score": 0.194,
        "is_high_uncertainty": true
      }
    },
    {
      "type": "Feature",
      "geometry": {
        "type": "Polygon",
        "coordinates": [
          [
            [
              895.0,
              195.0
            ],
            [
              905.0,
              195.0
            ],
            [
              905.0,
              205.0
            ],
            [
              895.0,
              205.0
            ],
            [
              895.0,
              195.0
            ]
          ]
        ]
      },
      "properties": {
        "easting_m": 900.0,
        "northing_m": 200.0,
        "predicted_subsidence_mm": -3.629,
        "estimation_variance_mm2": 536.46,
        "estimation_std_mm": 23.162,
        "confidence_score": 0.178,
        "is_high_uncertainty": true
      }
    },
    {
      "type": "Feature",
      "geometry": {
        "type": "Polygon",
        "coordinates": [
          [
            [
              945.0,
              195.0
            ],
            [
              955.0,
              195.0
            ],
            [
              955.0,
              205.0
            ],
            [
              945.0,
              205.0
            ],
            [
              945.0,
              195.0
            ]
          ]
        ]
      },
      "properties": {
        "easting_m": 950.0,
        "northing_m": 200.0,
        "predicted_subsidence_mm": -6.869,
        "estimation_variance_mm2": 657.5182,
        "estimation_std_mm": 25.642,
        "confidence_score": 0.163,
        "is_high_uncertainty": true
      }
    },
    {
      "type": "Feature",
      "geometry": {
        "type": "Polygon",
        "coordinates": [
          [
            [
              995.0,
              195.0
            ],
            [
              1005.0,
              195.0
            ],
            [
              1005.0,
              205.0
            ],
            [
              995.0,
              205.0
            ],
            [
              995.0,
              195.0
            ]
          ]
        ]
      },
      "properties": {
        "easting_m": 1000.0,
        "northing_m": 200.0,
        "predicted_subsidence_mm": -10.111,
        "estimation_variance_mm2": 792.8416,
        "estimation_std_mm": 28.157,
        "confidence_score": 0.151,
        "is_high_uncertainty": true
      }
    },
    {
      "type": "Feature",
      "geometry": {
        "type": "Polygon",
        "coordinates": [
          [
            [
              -5.0,
              245.0
            ],
            [
              5.0,
              245.0
            ],
            [
              5.0,
              255.0
            ],
            [
              -5.0,
              255.0
            ],
            [
              -5.0,
              245.0
            ]
          ]
        ]
      },
      "properties": {
        "easting_m": 0.0,
        "northing_m": 250.0,
        "predicted_subsidence_mm": -3.327,
        "estimation_variance_mm2": 231.2379,
        "estimation_std_mm": 15.207,
        "confidence_score": 0.247,
        "is_high_uncertainty": true
      }
    },
    {
      "type": "Feature",
      "geometry": {
        "type": "Polygon",
        "coordinates": [
          [
            [
              45.0,
              245.0
            ],
            [
              55.0,
              245.0
            ],
            [
              55.0,
              255.0
            ],
            [
              45.0,
              255.0
            ],
            [
              45.0,
              245.0
            ]
          ]
        ]
      },
      "properties": {
        "easting_m": 50.0,
        "northing_m": 250.0,
        "predicted_subsidence_mm": 2.534,
        "estimation_variance_mm2": 132.4239,
        "estimation_std_mm": 11.508,
        "confidence_score": 0.303,
        "is_high_uncertainty": true
      }
    },
    {
      "type": "Feature",
      "geometry": {
        "type": "Polygon",
        "coordinates": [
          [
            [
              95.0,
              245.0
            ],
            [
              105.0,
              245.0
            ],
            [
              105.0,
              255.0
            ],
            [
              95.0,
              255.0
            ],
            [
              95.0,
              245.0
            ]
          ]
        ]
      },
      "properties": {
        "easting_m": 100.0,
        "northing_m": 250.0,
        "predicted_subsidence_mm": 8.506,
        "estimation_variance_mm2": 66.0536,
        "estimation_std_mm": 8.127,
        "confidence_score": 0.381,
        "is_high_uncertainty": true
      }
    },
    {
      "type": "Feature",
      "geometry": {
        "type": "Polygon",
        "coordinates": [
          [
            [
              145.0,
              245.0
            ],
            [
              155.0,
              245.0
            ],
            [
              155.0,
              255.0
            ],
            [
              145.0,
              255.0
            ],
            [
              145.0,
              245.0
            ]
          ]
        ]
      },
      "properties": {
        "easting_m": 150.0,
        "northing_m": 250.0,
        "predicted_subsidence_mm": 14.75,
        "estimation_variance_mm2": 35.3659,
        "estimation_std_mm": 5.947,
        "confidence_score": 0.457,
        "is_high_uncertainty": true
      }
    },
    {
      "type": "Feature",
      "geometry": {
        "type": "Polygon",
        "coordinates": [
          [
            [
              195.0,
              245.0
            ],
            [
              205.0,
              245.0
            ],
            [
              205.0,
              255.0
            ],
            [
              195.0,
              255.0
            ],
            [
              195.0,
              245.0
            ]
          ]
        ]
      },
      "properties": {
        "easting_m": 200.0,
        "northing_m": 250.0,
        "predicted_subsidence_mm": 21.406,
        "estimation_variance_mm2": 37.3624,
        "estimation_std_mm": 6.112,
        "confidence_score": 0.45,
        "is_high_uncertainty": true
      }
    },
    {
      "type": "Feature",
      "geometry": {
        "type": "Polygon",
        "coordinates": [
          [
            [
              245.0,
              245.0
            ],
            [
              255.0,
              245.0
            ],
            [
              255.0,
              255.0
            ],
            [
              245.0,
              255.0
            ],
            [
              245.0,
              245.0
            ]
          ]
        ]
      },
      "properties": {
        "easting_m": 250.0,
        "northing_m": 250.0,
        "predicted_subsidence_mm": 19.489,
        "estimation_variance_mm2": 31.1289,
        "estimation_std_mm": 5.579,
        "confidence_score": 0.473,
        "is_high_uncertainty": true
      }
    },
    {
      "type": "Feature",
      "geometry": {
        "type": "Polygon",
        "coordinates": [
          [
            [
              295.0,
              245.0
            ],
            [
              305.0,
              245.0
            ],
            [
              305.0,
              255.0
            ],
            [
              295.0,
              255.0
            ],
            [
              295.0,
              245.0
            ]
          ]
        ]
      },
      "properties": {
        "easting_m": 300.0,
        "northing_m": 250.0,
        "predicted_subsidence_mm": 21.039,
        "estimation_variance_mm2": 33.568,
        "estimation_std_mm": 5.794,
        "confidence_score": 0.463,
        "is_high_uncertainty": true
      }
    },
    {
      "type": "Feature",
      "geometry": {
        "type": "Polygon",
        "coordinates": [
          [
            [
              345.0,
              245.0
            ],
            [
              355.0,
              245.0
            ],
            [
              355.0,
              255.0
            ],
            [
              345.0,
              255.0
            ],
            [
              345.0,
              245.0
            ]
          ]
        ]
      },
      "properties": {
        "easting_m": 350.0,
        "northing_m": 250.0,
        "predicted_subsidence_mm": 22.241,
        "estimation_variance_mm2": 37.7231,
        "estimation_std_mm": 6.142,
        "confidence_score": 0.449,
        "is_high_uncertainty": true
      }
    },
    {
      "type": "Feature",
      "geometry": {
        "type": "Polygon",
        "coordinates": [
          [
            [
              395.0,
              245.0
            ],
            [
              405.0,
              245.0
            ],
            [
              405.0,
              255.0
            ],
            [
              395.0,
              255.0
            ],
            [
              395.0,
              245.0
            ]
          ]
        ]
      },
      "properties": {
        "easting_m": 400.0,
        "northing_m": 250.0,
        "predicted_subsidence_mm": 23.022,
        "estimation_variance_mm2": 38.6082,
        "estimation_std_mm": 6.214,
        "confidence_score": 0.446,
        "is_high_uncertainty": true
      }
    },
    {
      "type": "Feature",
      "geometry": {
        "type": "Polygon",
        "coordinates": [
          [
            [
              445.0,
              245.0
            ],
            [
              455.0,
              245.0
            ],
            [
              455.0,
              255.0
            ],
            [
              445.0,
              255.0
            ],
            [
              445.0,
              245.0
            ]
          ]
        ]
      },
      "properties": {
        "easting_m": 450.0,
        "northing_m": 250.0,
        "predicted_subsidence_mm": 27.447,
        "estimation_variance_mm2": 39.4365,
        "estimation_std_mm": 6.28,
        "confidence_score": 0.443,
        "is_high_uncertainty": true
      }
    },
    {
      "type": "Feature",
      "geometry": {
        "type": "Polygon",
        "coordinates": [
          [
            [
              495.0,
              245.0
            ],
            [
              505.0,
              245.0
            ],
            [
              505.0,
              255.0
            ],
            [
              495.0,
              255.0
            ],
            [
              495.0,
              245.0
            ]
          ]
        ]
      },
      "properties": {
        "easting_m": 500.0,
        "northing_m": 250.0,
        "predicted_subsidence_mm": 22.931,
        "estimation_variance_mm2": 27.6716,
        "estimation_std_mm": 5.26,
        "confidence_score": 0.487,
        "is_high_uncertainty": true
      }
    },
    {
      "type": "Feature",
      "geometry": {
        "type": "Polygon",
        "coordinates": [
          [
            [
              545.0,
              245.0
            ],
            [
              555.0,
              245.0
            ],
            [
              555.0,
              255.0
            ],
            [
              545.0,
              255.0
            ],
            [
              545.0,
              245.0
            ]
          ]
        ]
      },
      "properties": {
        "easting_m": 550.0,
        "northing_m": 250.0,
        "predicted_subsidence_mm": 19.384,
        "estimation_variance_mm2": 39.0214,
        "estimation_std_mm": 6.247,
        "confidence_score": 0.445,
        "is_high_uncertainty": true
      }
    },
    {
      "type": "Feature",
      "geometry": {
        "type": "Polygon",
        "coordinates": [
          [
            [
              595.0,
              245.0
            ],
            [
              605.0,
              245.0
            ],
            [
              605.0,
              255.0
            ],
            [
              595.0,
              255.0
            ],
            [
              595.0,
              245.0
            ]
          ]
        ]
      },
      "properties": {
        "easting_m": 600.0,
        "northing_m": 250.0,
        "predicted_subsidence_mm": 16.461,
        "estimation_variance_mm2": 74.6029,
        "estimation_std_mm": 8.637,
        "confidence_score": 0.367,
        "is_high_uncertainty": true
      }
    },
    {
      "type": "Feature",
      "geometry": {
        "type": "Polygon",
        "coordinates": [
          [
            [
              645.0,
              245.0
            ],
            [
              655.0,
              245.0
            ],
            [
              655.0,
              255.0
            ],
            [
              645.0,
              255.0
            ],
            [
              645.0,
              245.0
            ]
          ]
        ]
      },
      "properties": {
        "easting_m": 650.0,
        "northing_m": 250.0,
        "predicted_subsidence_mm": 13.357,
        "estimation_variance_mm2": 120.4727,
        "estimation_std_mm": 10.976,
        "confidence_score": 0.313,
        "is_high_uncertainty": true
      }
    },
    {
      "type": "Feature",
      "geometry": {
        "type": "Polygon",
        "coordinates": [
          [
            [
              695.0,
              245.0
            ],
            [
              705.0,
              245.0
            ],
            [
              705.0,
              255.0
            ],
            [
              695.0,
              255.0
            ],
            [
              695.0,
              245.0
            ]
          ]
        ]
      },
      "properties": {
        "easting_m": 700.0,
        "northing_m": 250.0,
        "predicted_subsidence_mm": 10.142,
        "estimation_variance_mm2": 177.0748,
        "estimation_std_mm": 13.307,
        "confidence_score": 0.273,
        "is_high_uncertainty": true
      }
    },
    {
      "type": "Feature",
      "geometry": {
        "type": "Polygon",
        "coordinates": [
          [
            [
              745.0,
              245.0
            ],
            [
              755.0,
              245.0
            ],
            [
              755.0,
              255.0
            ],
            [
              745.0,
              255.0
            ],
            [
              745.0,
              245.0
            ]
          ]
        ]
      },
      "properties": {
        "easting_m": 750.0,
        "northing_m": 250.0,
        "predicted_subsidence_mm": 6.866,
        "estimation_variance_mm2": 245.0708,
        "estimation_std_mm": 15.655,
        "confidence_score": 0.242,
        "is_high_uncertainty": true
      }
    },
    {
      "type": "Feature",
      "geometry": {
        "type": "Polygon",
        "coordinates": [
          [
            [
              795.0,
              245.0
            ],
            [
              805.0,
              245.0
            ],
            [
              805.0,
              255.0
            ],
            [
              795.0,
              255.0
            ],
            [
              795.0,
              245.0
            ]
          ]
        ]
      },
      "properties": {
        "easting_m": 800.0,
        "northing_m": 250.0,
        "predicted_subsidence_mm": 3.559,
        "estimation_variance_mm2": 325.1791,
        "estimation_std_mm": 18.033,
        "confidence_score": 0.217,
        "is_high_uncertainty": true
      }
    },
    {
      "type": "Feature",
      "geometry": {
        "type": "Polygon",
        "coordinates": [
          [
            [
              845.0,
              245.0
            ],
            [
              855.0,
              245.0
            ],
            [
              855.0,
              255.0
            ],
            [
              845.0,
              255.0
            ],
            [
              845.0,
              245.0
            ]
          ]
        ]
      },
      "properties": {
        "easting_m": 850.0,
        "northing_m": 250.0,
        "predicted_subsidence_mm": 0.241,
        "estimation_variance_mm2": 418.099,
        "estimation_std_mm": 20.447,
        "confidence_score": 0.196,
        "is_high_uncertainty": true
      }
    },
    {
      "type": "Feature",
      "geometry": {
        "type": "Polygon",
        "coordinates": [
          [
            [
              895.0,
              245.0
            ],
            [
              905.0,
              245.0
            ],
            [
              905.0,
              255.0
            ],
            [
              895.0,
              255.0
            ],
            [
              895.0,
              245.0
            ]
          ]
        ]
      },
      "properties": {
        "easting_m": 900.0,
        "northing_m": 250.0,
        "predicted_subsidence_mm": -3.076,
        "estimation_variance_mm2": 524.4684,
        "estimation_std_mm": 22.901,
        "confidence_score": 0.179,
        "is_high_uncertainty": true
      }
    },
    {
      "type": "Feature",
      "geometry": {
        "type": "Polygon",
        "coordinates": [
          [
            [
              945.0,
              245.0
            ],
            [
              955.0,
              245.0
            ],
            [
              955.0,
              255.0
            ],
            [
              945.0,
              255.0
            ],
            [
              945.0,
              245.0
            ]
          ]
        ]
      },
      "properties": {
        "easting_m": 950.0,
        "northing_m": 250.0,
        "predicted_subsidence_mm": -6.386,
        "estimation_variance_mm2": 644.8465,
        "estimation_std_mm": 25.394,
        "confidence_score": 0.165,
        "is_high_uncertainty": true
      }
    },
    {
      "type": "Feature",
      "geometry": {
        "type": "Polygon",
        "coordinates": [
          [
            [
              995.0,
              245.0
            ],
            [
              1005.0,
              245.0
            ],
            [
              1005.0,
              255.0
            ],
            [
              995.0,
              255.0
            ],
            [
              995.0,
              245.0
            ]
          ]
        ]
      },
      "properties": {
        "easting_m": 1000.0,
        "northing_m": 250.0,
        "predicted_subsidence_mm": -9.685,
        "estimation_variance_mm2": 779.7123,
        "estimation_std_mm": 27.923,
        "confidence_score": 0.152,
        "is_high_uncertainty": true
      }
    },
    {
      "type": "Feature",
      "geometry": {
        "type": "Polygon",
        "coordinates": [
          [
            [
              -5.0,
              295.0
            ],
            [
              5.0,
              295.0
            ],
            [
              5.0,
              305.0
            ],
            [
              -5.0,
              305.0
            ],
            [
              -5.0,
              295.0
            ]
          ]
        ]
      },
      "properties": {
        "easting_m": 0.0,
        "northing_m": 300.0,
        "predicted_subsidence_mm": -2.533,
        "estimation_variance_mm2": 234.3304,
        "estimation_std_mm": 15.308,
        "confidence_score": 0.246,
        "is_high_uncertainty": true
      }
    },
    {
      "type": "Feature",
      "geometry": {
        "type": "Polygon",
        "coordinates": [
          [
            [
              45.0,
              295.0
            ],
            [
              55.0,
              295.0
            ],
            [
              55.0,
              305.0
            ],
            [
              45.0,
              305.0
            ],
            [
              45.0,
              295.0
            ]
          ]
        ]
      },
      "properties": {
        "easting_m": 50.0,
        "northing_m": 300.0,
        "predicted_subsidence_mm": 3.48,
        "estimation_variance_mm2": 136.9399,
        "estimation_std_mm": 11.702,
        "confidence_score": 0.299,
        "is_high_uncertainty": true
      }
    },
    {
      "type": "Feature",
      "geometry": {
        "type": "Polygon",
        "coordinates": [
          [
            [
              95.0,
              295.0
            ],
            [
              105.0,
              295.0
            ],
            [
              105.0,
              305.0
            ],
            [
              95.0,
              305.0
            ],
            [
              95.0,
              295.0
            ]
          ]
        ]
      },
      "properties": {
        "easting_m": 100.0,
        "northing_m": 300.0,
        "predicted_subsidence_mm": 9.672,
        "estimation_variance_mm2": 71.9141,
        "estimation_std_mm": 8.48,
        "confidence_score": 0.371,
        "is_high_uncertainty": true
      }
    },
    {
      "type": "Feature",
      "geometry": {
        "type": "Polygon",
        "coordinates": [
          [
            [
              145.0,
              295.0
            ],
            [
              155.0,
              295.0
            ],
            [
              155.0,
              305.0
            ],
            [
              145.0,
              305.0
            ],
            [
              145.0,
              295.0
            ]
          ]
        ]
      },
      "properties": {
        "easting_m": 150.0,
        "northing_m": 300.0,
        "predicted_subsidence_mm": 16.232,
        "estimation_variance_mm2": 39.403,
        "estimation_std_mm": 6.277,
        "confidence_score": 0.443,
        "is_high_uncertainty": true
      }
    },
    {
      "type": "Feature",
      "geometry": {
        "type": "Polygon",
        "coordinates": [
          [
            [
              195.0,
              295.0
            ],
            [
              205.0,
              295.0
            ],
            [
              205.0,
              305.0
            ],
            [
              195.0,
              305.0
            ],
            [
              195.0,
              295.0
            ]
          ]
        ]
      },
      "properties": {
        "easting_m": 200.0,
        "northing_m": 300.0,
        "predicted_subsidence_mm": 23.435,
        "estimation_variance_mm2": 35.6794,
        "estimation_std_mm": 5.973,
        "confidence_score": 0.456,
        "is_high_uncertainty": true
      }
    },
    {
      "type": "Feature",
      "geometry": {
        "type": "Polygon",
        "coordinates": [
          [
            [
              245.0,
              295.0
            ],
            [
              255.0,
              295.0
            ],
            [
              255.0,
              305.0
            ],
            [
              245.0,
              305.0
            ],
            [
              245.0,
              295.0
            ]
          ]
        ]
      },
      "properties": {
        "easting_m": 250.0,
        "northing_m": 300.0,
        "predicted_subsidence_mm": 22.805,
        "estimation_variance_mm2": 21.1382,
        "estimation_std_mm": 4.598,
        "confidence_score": 0.521,
        "is_high_uncertainty": false
      }
    },
    {
      "type": "Feature",
      "geometry": {
        "type": "Polygon",
        "coordinates": [
          [
            [
              295.0,
              295.0
            ],
            [
              305.0,
              295.0
            ],
            [
              305.0,
              305.0
            ],
            [
              295.0,
              305.0
            ],
            [
              295.0,
              295.0
            ]
          ]
        ]
      },
      "properties": {
        "easting_m": 300.0,
        "northing_m": 300.0,
        "predicted_subsidence_mm": 20.029,
        "estimation_variance_mm2": 45.5419,
        "estimation_std_mm": 6.748,
        "confidence_score": 0.426,
        "is_high_uncertainty": true
      }
    },
    {
      "type": "Feature",
      "geometry": {
        "type": "Polygon",
        "coordinates": [
          [
            [
              345.0,
              295.0
            ],
            [
              355.0,
              295.0
            ],
            [
              355.0,
              305.0
            ],
            [
              345.0,
              305.0
            ],
            [
              345.0,
              295.0
            ]
          ]
        ]
      },
      "properties": {
        "easting_m": 350.0,
        "northing_m": 300.0,
        "predicted_subsidence_mm": 21.318,
        "estimation_variance_mm2": 51.1228,
        "estimation_std_mm": 7.15,
        "confidence_score": 0.412,
        "is_high_uncertainty": true
      }
    },
    {
      "type": "Feature",
      "geometry": {
        "type": "Polygon",
        "coordinates": [
          [
            [
              395.0,
              295.0
            ],
            [
              405.0,
              295.0
            ],
            [
              405.0,
              305.0
            ],
            [
              395.0,
              305.0
            ],
            [
              395.0,
              295.0
            ]
          ]
        ]
      },
      "properties": {
        "easting_m": 400.0,
        "northing_m": 300.0,
        "predicted_subsidence_mm": 26.202,
        "estimation_variance_mm2": 34.9224,
        "estimation_std_mm": 5.91,
        "confidence_score": 0.458,
        "is_high_uncertainty": true
      }
    },
    {
      "type": "Feature",
      "geometry": {
        "type": "Polygon",
        "coordinates": [
          [
            [
              445.0,
              295.0
            ],
            [
              455.0,
              295.0
            ],
            [
              455.0,
              305.0
            ],
            [
              445.0,
              305.0
            ],
            [
              445.0,
              295.0
            ]
          ]
        ]
      },
      "properties": {
        "easting_m": 450.0,
        "northing_m": 300.0,
        "predicted_subsidence_mm": 30.336,
        "estimation_variance_mm2": 28.7295,
        "estimation_std_mm": 5.36,
        "confidence_score": 0.483,
        "is_high_uncertainty": true
      }
    },
    {
      "type": "Feature",
      "geometry": {
        "type": "Polygon",
        "coordinates": [
          [
            [
              495.0,
              295.0
            ],
            [
              505.0,
              295.0
            ],
            [
              505.0,
              305.0
            ],
            [
              495.0,
              305.0
            ],
            [
              495.0,
              295.0
            ]
          ]
        ]
      },
      "properties": {
        "easting_m": 500.0,
        "northing_m": 300.0,
        "predicted_subsidence_mm": 25.842,
        "estimation_variance_mm2": 31.1844,
        "estimation_std_mm": 5.584,
        "confidence_score": 0.472,
        "is_high_uncertainty": true
      }
    },
    {
      "type": "Feature",
      "geometry": {
        "type": "Polygon",
        "coordinates": [
          [
            [
              545.0,
              295.0
            ],
            [
              555.0,
              295.0
            ],
            [
              555.0,
              305.0
            ],
            [
              545.0,
              305.0
            ],
            [
              545.0,
              295.0
            ]
          ]
        ]
      },
      "properties": {
        "easting_m": 550.0,
        "northing_m": 300.0,
        "predicted_subsidence_mm": 21.8,
        "estimation_variance_mm2": 45.3146,
        "estimation_std_mm": 6.732,
        "confidence_score": 0.426,
        "is_high_uncertainty": true
      }
    },
    {
      "type": "Feature",
      "geometry": {
        "type": "Polygon",
        "coordinates": [
          [
            [
              595.0,
              295.0
            ],
            [
              605.0,
              295.0
            ],
            [
              605.0,
              305.0
            ],
            [
              595.0,
              305.0
            ],
            [
              595.0,
              295.0
            ]
          ]
        ]
      },
      "properties": {
        "easting_m": 600.0,
        "northing_m": 300.0,
        "predicted_subsidence_mm": 18.232,
        "estimation_variance_mm2": 75.4906,
        "estimation_std_mm": 8.689,
        "confidence_score": 0.365,
        "is_high_uncertainty": true
      }
    },
    {
      "type": "Feature",
      "geometry": {
        "type": "Polygon",
        "coordinates": [
          [
            [
              645.0,
              295.0
            ],
            [
              655.0,
              295.0
            ],
            [
              655.0,
              305.0
            ],
            [
              645.0,
              305.0
            ],
            [
              645.0,
              295.0
            ]
          ]
        ]
      },
      "properties": {
        "easting_m": 650.0,
        "northing_m": 300.0,
        "predicted_subsidence_mm": 14.74,
        "estimation_variance_mm2": 118.0895,
        "estimation_std_mm": 10.867,
        "confidence_score": 0.315,
        "is_high_uncertainty": true
      }
    },
    {
      "type": "Feature",
      "geometry": {
        "type": "Polygon",
        "coordinates": [
          [
            [
              695.0,
              295.0
            ],
            [
              705.0,
              295.0
            ],
            [
              705.0,
              305.0
            ],
            [
              695.0,
              305.0
            ],
            [
              695.0,
              295.0
            ]
          ]
        ]
      },
      "properties": {
        "easting_m": 700.0,
        "northing_m": 300.0,
        "predicted_subsidence_mm": 11.25,
        "estimation_variance_mm2": 172.1015,
        "estimation_std_mm": 13.119,
        "confidence_score": 0.276,
        "is_high_uncertainty": true
      }
    },
    {
      "type": "Feature",
      "geometry": {
        "type": "Polygon",
        "coordinates": [
          [
            [
              745.0,
              295.0
            ],
            [
              755.0,
              295.0
            ],
            [
              755.0,
              305.0
            ],
            [
              745.0,
              305.0
            ],
            [
              745.0,
              295.0
            ]
          ]
        ]
      },
      "properties": {
        "easting_m": 750.0,
        "northing_m": 300.0,
        "predicted_subsidence_mm": 7.768,
        "estimation_variance_mm2": 237.8909,
        "estimation_std_mm": 15.424,
        "confidence_score": 0.245,
        "is_high_uncertainty": true
      }
    },
    {
      "type": "Feature",
      "geometry": {
        "type": "Polygon",
        "coordinates": [
          [
            [
              795.0,
              295.0
            ],
            [
              805.0,
              295.0
            ],
            [
              805.0,
              305.0
            ],
            [
              795.0,
              305.0
            ],
            [
              795.0,
              295.0
            ]
          ]
        ]
      },
      "properties": {
        "easting_m": 800.0,
        "northing_m": 300.0,
        "predicted_subsidence_mm": 4.305,
        "estimation_variance_mm2": 316.1323,
        "estimation_std_mm": 17.78,
        "confidence_score": 0.219,
        "is_high_uncertainty": true
      }
    },
    {
      "type": "Feature",
      "geometry": {
        "type": "Polygon",
        "coordinates": [
          [
            [
              845.0,
              295.0
            ],
            [
              855.0,
              295.0
            ],
            [
              855.0,
              305.0
            ],
            [
              845.0,
              305.0
            ],
            [
              845.0,
              295.0
            ]
          ]
        ]
      },
      "properties": {
        "easting_m": 850.0,
        "northing_m": 300.0,
        "predicted_subsidence_mm": 0.866,
        "estimation_variance_mm2": 407.5295,
        "estimation_std_mm": 20.187,
        "confidence_score": 0.199,
        "is_high_uncertainty": true
      }
    },
    {
      "type": "Feature",
      "geometry": {
        "type": "Polygon",
        "coordinates": [
          [
            [
              895.0,
              295.0
            ],
            [
              905.0,
              295.0
            ],
            [
              905.0,
              305.0
            ],
            [
              895.0,
              305.0
            ],
            [
              895.0,
              295.0
            ]
          ]
        ]
      },
      "properties": {
        "easting_m": 900.0,
        "northing_m": 300.0,
        "predicted_subsidence_mm": -2.545,
        "estimation_variance_mm2": 512.7207,
        "estimation_std_mm": 22.643,
        "confidence_score": 0.181,
        "is_high_uncertainty": true
      }
    },
    {
      "type": "Feature",
      "geometry": {
        "type": "Polygon",
        "coordinates": [
          [
            [
              945.0,
              295.0
            ],
            [
              955.0,
              295.0
            ],
            [
              955.0,
              305.0
            ],
            [
              945.0,
              305.0
            ],
            [
              945.0,
              295.0
            ]
          ]
        ]
      },
      "properties": {
        "easting_m": 950.0,
        "northing_m": 300.0,
        "predicted_subsidence_mm": -5.929,
        "estimation_variance_mm2": 632.2512,
        "estimation_std_mm": 25.145,
        "confidence_score": 0.166,
        "is_high_uncertainty": true
      }
    },
    {
      "type": "Feature",
      "geometry": {
        "type": "Polygon",
        "coordinates": [
          [
            [
              995.0,
              295.0
            ],
            [
              1005.0,
              295.0
            ],
            [
              1005.0,
              305.0
            ],
            [
              995.0,
              305.0
            ],
            [
              995.0,
              295.0
            ]
          ]
        ]
      },
      "properties": {
        "easting_m": 1000.0,
        "northing_m": 300.0,
        "predicted_subsidence_mm": -9.286,
        "estimation_variance_mm2": 766.5744,
        "estimation_std_mm": 27.687,
        "confidence_score": 0.153,
        "is_high_uncertainty": true
      }
    },
    {
      "type": "Feature",
      "geometry": {
        "type": "Polygon",
        "coordinates": [
          [
            [
              -5.0,
              345.0
            ],
            [
              5.0,
              345.0
            ],
            [
              5.0,
              355.0
            ],
            [
              -5.0,
              355.0
            ],
            [
              -5.0,
              345.0
            ]
          ]
        ]
      },
      "properties": {
        "easting_m": 0.0,
        "northing_m": 350.0,
        "predicted_subsidence_mm": -1.81,
        "estimation_variance_mm2": 240.7489,
        "estimation_std_mm": 15.516,
        "confidence_score": 0.244,
        "is_high_uncertainty": true
      }
    },
    {
      "type": "Feature",
      "geometry": {
        "type": "Polygon",
        "coordinates": [
          [
            [
              45.0,
              345.0
            ],
            [
              55.0,
              345.0
            ],
            [
              55.0,
              355.0
            ],
            [
              45.0,
              355.0
            ],
            [
              45.0,
              345.0
            ]
          ]
        ]
      },
      "properties": {
        "easting_m": 50.0,
        "northing_m": 350.0,
        "predicted_subsidence_mm": 4.31,
        "estimation_variance_mm2": 143.1495,
        "estimation_std_mm": 11.965,
        "confidence_score": 0.295,
        "is_high_uncertainty": true
      }
    },
    {
      "type": "Feature",
      "geometry": {
        "type": "Polygon",
        "coordinates": [
          [
            [
              95.0,
              345.0
            ],
            [
              105.0,
              345.0
            ],
            [
              105.0,
              355.0
            ],
            [
              95.0,
              355.0
            ],
            [
              95.0,
              345.0
            ]
          ]
        ]
      },
      "properties": {
        "easting_m": 100.0,
        "northing_m": 350.0,
        "predicted_subsidence_mm": 10.581,
        "estimation_variance_mm2": 75.813,
        "estimation_std_mm": 8.707,
        "confidence_score": 0.365,
        "is_high_uncertainty": true
      }
    },
    {
      "type": "Feature",
      "geometry": {
        "type": "Polygon",
        "coordinates": [
          [
            [
              145.0,
              345.0
            ],
            [
              155.0,
              345.0
            ],
            [
              155.0,
              355.0
            ],
            [
              145.0,
              355.0
            ],
            [
              145.0,
              345.0
            ]
          ]
        ]
      },
      "properties": {
        "easting_m": 150.0,
        "northing_m": 350.0,
        "predicted_subsidence_mm": 17.1,
        "estimation_variance_mm2": 37.2472,
        "estimation_std_mm": 6.103,
        "confidence_score": 0.45,
        "is_high_uncertainty": true
      }
    },
    {
      "type": "Feature",
      "geometry": {
        "type": "Polygon",
        "coordinates": [
          [
            [
              195.0,
              345.0
            ],
            [
              205.0,
              345.0
            ],
            [
              205.0,
              355.0
            ],
            [
              195.0,
              355.0
            ],
            [
              195.0,
              345.0
            ]
          ]
        ]
      },
      "properties": {
        "easting_m": 200.0,
        "northing_m": 350.0,
        "predicted_subsidence_mm": 24.403,
        "estimation_variance_mm2": 31.8059,
        "estimation_std_mm": 5.64,
        "confidence_score": 0.47,
        "is_high_uncertainty": true
      }
    },
    {
      "type": "Feature",
      "geometry": {
        "type": "Polygon",
        "coordinates": [
          [
            [
              245.0,
              345.0
            ],
            [
              255.0,
              345.0
            ],
            [
              255.0,
              355.0
            ],
            [
              245.0,
              355.0
            ],
            [
              245.0,
              345.0
            ]
          ]
        ]
      },
      "properties": {
        "easting_m": 250.0,
        "northing_m": 350.0,
        "predicted_subsidence_mm": 23.835,
        "estimation_variance_mm2": 31.3365,
        "estimation_std_mm": 5.598,
        "confidence_score": 0.472,
        "is_high_uncertainty": true
      }
    },
    {
      "type": "Feature",
      "geometry": {
        "type": "Polygon",
        "coordinates": [
          [
            [
              295.0,
              345.0
            ],
            [
              305.0,
              345.0
            ],
            [
              305.0,
              355.0
            ],
            [
              295.0,
              355.0
            ],
            [
              295.0,
              345.0
            ]
          ]
        ]
      },
      "properties": {
        "easting_m": 300.0,
        "northing_m": 350.0,
        "predicted_subsidence_mm": 22.499,
        "estimation_variance_mm2": 46.834,
        "estimation_std_mm": 6.844,
        "confidence_score": 0.422,
        "is_high_uncertainty": true
      }
    },
    {
      "type": "Feature",
      "geometry": {
        "type": "Polygon",
        "coordinates": [
          [
            [
              345.0,
              345.0
            ],
            [
              355.0,
              345.0
            ],
            [
              355.0,
              355.0
            ],
            [
              345.0,
              355.0
            ],
            [
              345.0,
              345.0
            ]
          ]
        ]
      },
      "properties": {
        "easting_m": 350.0,
        "northing_m": 350.0,
        "predicted_subsidence_mm": 24.641,
        "estimation_variance_mm2": 47.32,
        "estimation_std_mm": 6.879,
        "confidence_score": 0.421,
        "is_high_uncertainty": true
      }
    },
    {
      "type": "Feature",
      "geometry": {
        "type": "Polygon",
        "coordinates": [
          [
            [
              395.0,
              345.0
            ],
            [
              405.0,
              345.0
            ],
            [
              405.0,
              355.0
            ],
            [
              395.0,
              355.0
            ],
            [
              395.0,
              345.0
            ]
          ]
        ]
      },
      "properties": {
        "easting_m": 400.0,
        "northing_m": 350.0,
        "predicted_subsidence_mm": 29.795,
        "estimation_variance_mm2": 32.5214,
        "estimation_std_mm": 5.703,
        "confidence_score": 0.467,
        "is_high_uncertainty": true
      }
    },
    {
      "type": "Feature",
      "geometry": {
        "type": "Polygon",
        "coordinates": [
          [
            [
              445.0,
              345.0
            ],
            [
              455.0,
              345.0
            ],
            [
              455.0,
              355.0
            ],
            [
              445.0,
              355.0
            ],
            [
              445.0,
              345.0
            ]
          ]
        ]
      },
      "properties": {
        "easting_m": 450.0,
        "northing_m": 350.0,
        "predicted_subsidence_mm": 33.693,
        "estimation_variance_mm2": 32.384,
        "estimation_std_mm": 5.691,
        "confidence_score": 0.468,
        "is_high_uncertainty": true
      }
    },
    {
      "type": "Feature",
      "geometry": {
        "type": "Polygon",
        "coordinates": [
          [
            [
              495.0,
              345.0
            ],
            [
              505.0,
              345.0
            ],
            [
              505.0,
              355.0
            ],
            [
              495.0,
              355.0
            ],
            [
              495.0,
              345.0
            ]
          ]
        ]
      },
      "properties": {
        "easting_m": 500.0,
        "northing_m": 350.0,
        "predicted_subsidence_mm": 28.897,
        "estimation_variance_mm2": 37.0824,
        "estimation_std_mm": 6.09,
        "confidence_score": 0.451,
        "is_high_uncertainty": true
      }
    },
    {
      "type": "Feature",
      "geometry": {
        "type": "Polygon",
        "coordinates": [
          [
            [
              545.0,
              345.0
            ],
            [
              555.0,
              345.0
            ],
            [
              555.0,
              355.0
            ],
            [
              545.0,
              355.0
            ],
            [
              545.0,
              345.0
            ]
          ]
        ]
      },
      "properties": {
        "easting_m": 550.0,
        "northing_m": 350.0,
        "predicted_subsidence_mm": 24.344,
        "estimation_variance_mm2": 52.7746,
        "estimation_std_mm": 7.265,
        "confidence_score": 0.408,
        "is_high_uncertainty": true
      }
    },
    {
      "type": "Feature",
      "geometry": {
        "type": "Polygon",
        "coordinates": [
          [
            [
              595.0,
              345.0
            ],
            [
              605.0,
              345.0
            ],
            [
              605.0,
              355.0
            ],
            [
              595.0,
              355.0
            ],
            [
              595.0,
              345.0
            ]
          ]
        ]
      },
      "properties": {
        "easting_m": 600.0,
        "northing_m": 350.0,
        "predicted_subsidence_mm": 20.139,
        "estimation_variance_mm2": 79.3666,
        "estimation_std_mm": 8.909,
        "confidence_score": 0.359,
        "is_high_uncertainty": true
      }
    },
    {
      "type": "Feature",
      "geometry": {
        "type": "Polygon",
        "coordinates": [
          [
            [
              645.0,
              345.0
            ],
            [
              655.0,
              345.0
            ],
            [
              655.0,
              355.0
            ],
            [
              645.0,
              355.0
            ],
            [
              645.0,
              345.0
            ]
          ]
        ]
      },
      "properties": {
        "easting_m": 650.0,
        "northing_m": 350.0,
        "predicted_subsidence_mm": 16.173,
        "estimation_variance_mm2": 117.9249,
        "estimation_std_mm": 10.859,
        "confidence_score": 0.315,
        "is_high_uncertainty": true
      }
    },
    {
      "type": "Feature",
      "geometry": {
        "type": "Polygon",
        "coordinates": [
          [
            [
              695.0,
              345.0
            ],
            [
              705.0,
              345.0
            ],
            [
              705.0,
              355.0
            ],
            [
              695.0,
              355.0
            ],
            [
              695.0,
              345.0
            ]
          ]
        ]
      },
      "properties": {
        "easting_m": 700.0,
        "northing_m": 350.0,
        "predicted_subsidence_mm": 12.353,
        "estimation_variance_mm2": 168.4948,
        "estimation_std_mm": 12.981,
        "confidence_score": 0.278,
        "is_high_uncertainty": true
      }
    },
    {
      "type": "Feature",
      "geometry": {
        "type": "Polygon",
        "coordinates": [
          [
            [
              745.0,
              345.0
            ],
            [
              755.0,
              345.0
            ],
            [
              755.0,
              355.0
            ],
            [
              745.0,
              355.0
            ],
            [
              745.0,
              345.0
            ]
          ]
        ]
      },
      "properties": {
        "easting_m": 750.0,
        "northing_m": 350.0,
        "predicted_subsidence_mm": 8.637,
        "estimation_variance_mm2": 231.4502,
        "estimation_std_mm": 15.213,
        "confidence_score": 0.247,
        "is_high_uncertainty": true
      }
    },
    {
      "type": "Feature",
      "geometry": {
        "type": "Polygon",
        "coordinates": [
          [
            [
              795.0,
              345.0
            ],
            [
              805.0,
              345.0
            ],
            [
              805.0,
              355.0
            ],
            [
              795.0,
              355.0
            ],
            [
              795.0,
              345.0
            ]
          ]
        ]
      },
      "properties": {
        "easting_m": 800.0,
        "northing_m": 350.0,
        "predicted_subsidence_mm": 5.004,
        "estimation_variance_mm2": 307.4157,
        "estimation_std_mm": 17.533,
        "confidence_score": 0.222,
        "is_high_uncertainty": true
      }
    },
    {
      "type": "Feature",
      "geometry": {
        "type": "Polygon",
        "coordinates": [
          [
            [
              845.0,
              345.0
            ],
            [
              855.0,
              345.0
            ],
            [
              855.0,
              355.0
            ],
            [
              845.0,
              355.0
            ],
            [
              845.0,
              345.0
            ]
          ]
        ]
      },
      "properties": {
        "easting_m": 850.0,
        "northing_m": 350.0,
        "predicted_subsidence_mm": 1.441,
        "estimation_variance_mm2": 397.0527,
        "estimation_std_mm": 19.926,
        "confidence_score": 0.201,
        "is_high_uncertainty": true
      }
    },
    {
      "type": "Feature",
      "geometry": {
        "type": "Polygon",
        "coordinates": [
          [
            [
              895.0,
              345.0
            ],
            [
              905.0,
              345.0
            ],
            [
              905.0,
              355.0
            ],
            [
              895.0,
              355.0
            ],
            [
              895.0,
              345.0
            ]
          ]
        ]
      },
      "properties": {
        "easting_m": 900.0,
        "northing_m": 350.0,
        "predicted_subsidence_mm": -2.063,
        "estimation_variance_mm2": 500.9522,
        "estimation_std_mm": 22.382,
        "confidence_score": 0.183,
        "is_high_uncertainty": true
      }
    },
    {
      "type": "Feature",
      "geometry": {
        "type": "Polygon",
        "coordinates": [
          [
            [
              945.0,
              345.0
            ],
            [
              955.0,
              345.0
            ],
            [
              955.0,
              355.0
            ],
            [
              945.0,
              355.0
            ],
            [
              945.0,
              345.0
            ]
          ]
        ]
      },
      "properties": {
        "easting_m": 950.0,
        "northing_m": 350.0,
        "predicted_subsidence_mm": -5.517,
        "estimation_variance_mm2": 619.6045,
        "estimation_std_mm": 24.892,
        "confidence_score": 0.167,
        "is_high_uncertainty": true
      }
    },
    {
      "type": "Feature",
      "geometry": {
        "type": "Polygon",
        "coordinates": [
          [
            [
              995.0,
              345.0
            ],
            [
              1005.0,
              345.0
            ],
            [
              1005.0,
              355.0
            ],
            [
              995.0,
              355.0
            ],
            [
              995.0,
              345.0
            ]
          ]
        ]
      },
      "properties": {
        "easting_m": 1000.0,
        "northing_m": 350.0,
        "predicted_subsidence_mm": -8.93,
        "estimation_variance_mm2": 753.4051,
        "estimation_std_mm": 27.448,
        "confidence_score": 0.154,
        "is_high_uncertainty": true
      }
    },
    {
      "type": "Feature",
      "geometry": {
        "type": "Polygon",
        "coordinates": [
          [
            [
              -5.0,
              395.0
            ],
            [
              5.0,
              395.0
            ],
            [
              5.0,
              405.0
            ],
            [
              -5.0,
              405.0
            ],
            [
              -5.0,
              395.0
            ]
          ]
        ]
      },
      "properties": {
        "easting_m": 0.0,
        "northing_m": 400.0,
        "predicted_subsidence_mm": -1.187,
        "estimation_variance_mm2": 249.3178,
        "estimation_std_mm": 15.79,
        "confidence_score": 0.241,
        "is_high_uncertainty": true
      }
    },
    {
      "type": "Feature",
      "geometry": {
        "type": "Polygon",
        "coordinates": [
          [
            [
              45.0,
              395.0
            ],
            [
              55.0,
              395.0
            ],
            [
              55.0,
              405.0
            ],
            [
              45.0,
              405.0
            ],
            [
              45.0,
              395.0
            ]
          ]
        ]
      },
      "properties": {
        "easting_m": 50.0,
        "northing_m": 400.0,
        "predicted_subsidence_mm": 5.02,
        "estimation_variance_mm2": 150.7381,
        "estimation_std_mm": 12.278,
        "confidence_score": 0.289,
        "is_high_uncertainty": true
      }
    },
    {
      "type": "Feature",
      "geometry": {
        "type": "Polygon",
        "coordinates": [
          [
            [
              95.0,
              395.0
            ],
            [
              105.0,
              395.0
            ],
            [
              105.0,
              405.0
            ],
            [
              95.0,
              405.0
            ],
            [
              95.0,
              395.0
            ]
          ]
        ]
      },
      "properties": {
        "easting_m": 100.0,
        "northing_m": 400.0,
        "predicted_subsidence_mm": 11.369,
        "estimation_variance_mm2": 80.9312,
        "estimation_std_mm": 8.996,
        "confidence_score": 0.357,
        "is_high_uncertainty": true
      }
    },
    {
      "type": "Feature",
      "geometry": {
        "type": "Polygon",
        "coordinates": [
          [
            [
              145.0,
              395.0
            ],
            [
              155.0,
              395.0
            ],
            [
              155.0,
              405.0
            ],
            [
              145.0,
              405.0
            ],
            [
              145.0,
              395.0
            ]
          ]
        ]
      },
      "properties": {
        "easting_m": 150.0,
        "northing_m": 400.0,
        "predicted_subsidence_mm": 17.896,
        "estimation_variance_mm2": 38.1991,
        "estimation_std_mm": 6.181,
        "confidence_score": 0.447,
        "is_high_uncertainty": true
      }
    },
    {
      "type": "Feature",
      "geometry": {
        "type": "Polygon",
        "coordinates": [
          [
            [
              195.0,
              395.0
            ],
            [
              205.0,
              395.0
            ],
            [
              205.0,
              405.0
            ],
            [
              195.0,
              405.0
            ],
            [
              195.0,
              395.0
            ]
          ]
        ]
      },
      "properties": {
        "easting_m": 200.0,
        "northing_m": 400.0,
        "predicted_subsidence_mm": 25.195,
        "estimation_variance_mm2": 30.421,
        "estimation_std_mm": 5.516,
        "confidence_score": 0.475,
        "is_high_uncertainty": true
      }
    },
    {
      "type": "Feature",
      "geometry": {
        "type": "Polygon",
        "coordinates": [
          [
            [
              245.0,
              395.0
            ],
            [
              255.0,
              395.0
            ],
            [
              255.0,
              405.0
            ],
            [
              245.0,
              405.0
            ],
            [
              245.0,
              395.0
            ]
          ]
        ]
      },
      "properties": {
        "easting_m": 250.0,
        "northing_m": 400.0,
        "predicted_subsidence_mm": 24.872,
        "estimation_variance_mm2": 34.5765,
        "estimation_std_mm": 5.88,
        "confidence_score": 0.46,
        "is_high_uncertainty": true
      }
    },
    {
      "type": "Feature",
      "geometry": {
        "type": "Polygon",
        "coordinates": [
          [
            [
              295.0,
              395.0
            ],
            [
              305.0,
              395.0
            ],
            [
              305.0,
              405.0
            ],
            [
              295.0,
              405.0
            ],
            [
              295.0,
              395.0
            ]
          ]
        ]
      },
      "properties": {
        "easting_m": 300.0,
        "northing_m": 400.0,
        "predicted_subsidence_mm": 24.328,
        "estimation_variance_mm2": 47.5361,
        "estimation_std_mm": 6.895,
        "confidence_score": 0.42,
        "is_high_uncertainty": true
      }
    },
    {
      "type": "Feature",
      "geometry": {
        "type": "Polygon",
        "coordinates": [
          [
            [
              345.0,
              395.0
            ],
            [
              355.0,
              395.0
            ],
            [
              355.0,
              405.0
            ],
            [
              345.0,
              405.0
            ],
            [
              345.0,
              395.0
            ]
          ]
        ]
      },
      "properties": {
        "easting_m": 350.0,
        "northing_m": 400.0,
        "predicted_subsidence_mm": 27.721,
        "estimation_variance_mm2": 40.0314,
        "estimation_std_mm": 6.327,
        "confidence_score": 0.441,
        "is_high_uncertainty": true
      }
    },
    {
      "type": "Feature",
      "geometry": {
        "type": "Polygon",
        "coordinates": [
          [
            [
              395.0,
              395.0
            ],
            [
              405.0,
              395.0
            ],
            [
              405.0,
              405.0
            ],
            [
              395.0,
              405.0
            ],
            [
              395.0,
              395.0
            ]
          ]
        ]
      },
      "properties": {
        "easting_m": 400.0,
        "northing_m": 400.0,
        "predicted_subsidence_mm": 33.455,
        "estimation_variance_mm2": 28.3055,
        "estimation_std_mm": 5.32,
        "confidence_score": 0.484,
        "is_high_uncertainty": true
      }
    },
    {
      "type": "Feature",
      "geometry": {
        "type": "Polygon",
        "coordinates": [
          [
            [
              445.0,
              395.0
            ],
            [
              455.0,
              395.0
            ],
            [
              455.0,
              405.0
            ],
            [
              445.0,
              405.0
            ],
            [
              445.0,
              395.0
            ]
          ]
        ]
      },
      "properties": {
        "easting_m": 450.0,
        "northing_m": 400.0,
        "predicted_subsidence_mm": 36.714,
        "estimation_variance_mm2": 42.1681,
        "estimation_std_mm": 6.494,
        "confidence_score": 0.435,
        "is_high_uncertainty": true
      }
    },
    {
      "type": "Feature",
      "geometry": {
        "type": "Polygon",
        "coordinates": [
          [
            [
              495.0,
              395.0
            ],
            [
              505.0,
              395.0
            ],
            [
              505.0,
              405.0
            ],
            [
              495.0,
              405.0
            ],
            [
              495.0,
              395.0
            ]
          ]
        ]
      },
      "properties": {
        "easting_m": 500.0,
        "northing_m": 400.0,
        "predicted_subsidence_mm": 31.449,
        "estimation_variance_mm2": 43.0479,
        "estimation_std_mm": 6.561,
        "confidence_score": 0.432,
        "is_high_uncertainty": true
      }
    },
    {
      "type": "Feature",
      "geometry": {
        "type": "Polygon",
        "coordinates": [
          [
            [
              545.0,
              395.0
            ],
            [
              555.0,
              395.0
            ],
            [
              555.0,
              405.0
            ],
            [
              545.0,
              405.0
            ],
            [
              545.0,
              395.0
            ]
          ]
        ]
      },
      "properties": {
        "easting_m": 550.0,
        "northing_m": 400.0,
        "predicted_subsidence_mm": 26.44,
        "estimation_variance_mm2": 56.9011,
        "estimation_std_mm": 7.543,
        "confidence_score": 0.399,
        "is_high_uncertainty": true
      }
    },
    {
      "type": "Feature",
      "geometry": {
        "type": "Polygon",
        "coordinates": [
          [
            [
              595.0,
              395.0
            ],
            [
              605.0,
              395.0
            ],
            [
              605.0,
              405.0
            ],
            [
              595.0,
              405.0
            ],
            [
              595.0,
              395.0
            ]
          ]
        ]
      },
      "properties": {
        "easting_m": 600.0,
        "northing_m": 400.0,
        "predicted_subsidence_mm": 21.772,
        "estimation_variance_mm2": 81.3069,
        "estimation_std_mm": 9.017,
        "confidence_score": 0.357,
        "is_high_uncertainty": true
      }
    },
    {
      "type": "Feature",
      "geometry": {
        "type": "Polygon",
        "coordinates": [
          [
            [
              645.0,
              395.0
            ],
            [
              655.0,
              395.0
            ],
            [
              655.0,
              405.0
            ],
            [
              645.0,
              405.0
            ],
            [
              645.0,
              395.0
            ]
          ]
        ]
      },
      "properties": {
        "easting_m": 650.0,
        "northing_m": 400.0,
        "predicted_subsidence_mm": 17.415,
        "estimation_variance_mm2": 116.8192,
        "estimation_std_mm": 10.808,
        "confidence_score": 0.316,
        "is_high_uncertainty": true
      }
    },
    {
      "type": "Feature",
      "geometry": {
        "type": "Polygon",
        "coordinates": [
          [
            [
              695.0,
              395.0
            ],
            [
              705.0,
              395.0
            ],
            [
              705.0,
              405.0
            ],
            [
              695.0,
              405.0
            ],
            [
              695.0,
              395.0
            ]
          ]
        ]
      },
      "properties": {
        "easting_m": 700.0,
        "northing_m": 400.0,
        "predicted_subsidence_mm": 13.302,
        "estimation_variance_mm2": 164.2675,
        "estimation_std_mm": 12.817,
        "confidence_score": 0.281,
        "is_high_uncertainty": true
      }
    },
    {
      "type": "Feature",
      "geometry": {
        "type": "Polygon",
        "coordinates": [
          [
            [
              745.0,
              395.0
            ],
            [
              755.0,
              395.0
            ],
            [
              755.0,
              405.0
            ],
            [
              745.0,
              405.0
            ],
            [
              745.0,
              395.0
            ]
          ]
        ]
      },
      "properties": {
        "easting_m": 750.0,
        "northing_m": 400.0,
        "predicted_subsidence_mm": 9.376,
        "estimation_variance_mm2": 224.4673,
        "estimation_std_mm": 14.982,
        "confidence_score": 0.25,
        "is_high_uncertainty": true
      }
    },
    {
      "type": "Feature",
      "geometry": {
        "type": "Polygon",
        "coordinates": [
          [
            [
              795.0,
              395.0
            ],
            [
              805.0,
              395.0
            ],
            [
              805.0,
              405.0
            ],
            [
              795.0,
              405.0
            ],
            [
              795.0,
              395.0
            ]
          ]
        ]
      },
      "properties": {
        "easting_m": 800.0,
        "northing_m": 400.0,
        "predicted_subsidence_mm": 5.594,
        "estimation_variance_mm2": 298.204,
        "estimation_std_mm": 17.269,
        "confidence_score": 0.225,
        "is_high_uncertainty": true
      }
    },
    {
      "type": "Feature",
      "geometry": {
        "type": "Polygon",
        "coordinates": [
          [
            [
              845.0,
              395.0
            ],
            [
              855.0,
              395.0
            ],
            [
              855.0,
              405.0
            ],
            [
              845.0,
              405.0
            ],
            [
              845.0,
              395.0
            ]
          ]
        ]
      },
      "properties": {
        "easting_m": 850.0,
        "northing_m": 400.0,
        "predicted_subsidence_mm": 1.923,
        "estimation_variance_mm2": 386.161,
        "estimation_std_mm": 19.651,
        "confidence_score": 0.203,
        "is_high_uncertainty": true
      }
    },
    {
      "type": "Feature",
      "geometry": {
        "type": "Polygon",
        "coordinates": [
          [
            [
              895.0,
              395.0
            ],
            [
              905.0,
              395.0
            ],
            [
              905.0,
              405.0
            ],
            [
              895.0,
              405.0
            ],
            [
              895.0,
              395.0
            ]
          ]
        ]
      },
      "properties": {
        "easting_m": 900.0,
        "northing_m": 400.0,
        "predicted_subsidence_mm": -1.661,
        "estimation_variance_mm2": 488.8851,
        "estimation_std_mm": 22.111,
        "confidence_score": 0.184,
        "is_high_uncertainty": true
      }
    },
    {
      "type": "Feature",
      "geometry": {
        "type": "Polygon",
        "coordinates": [
          [
            [
              945.0,
              395.0
            ],
            [
              955.0,
              395.0
            ],
            [
              955.0,
              405.0
            ],
            [
              945.0,
              405.0
            ],
            [
              945.0,
              395.0
            ]
          ]
        ]
      },
      "properties": {
        "easting_m": 950.0,
        "northing_m": 400.0,
        "predicted_subsidence_mm": -5.174,
        "estimation_variance_mm2": 606.7956,
        "estimation_std_mm": 24.633,
        "confidence_score": 0.169,
        "is_high_uncertainty": true
      }
    },
    {
      "type": "Feature",
      "geometry": {
        "type": "Polygon",
        "coordinates": [
          [
            [
              995.0,
              395.0
            ],
            [
              1005.0,
              395.0
            ],
            [
              1005.0,
              405.0
            ],
            [
              995.0,
              405.0
            ],
            [
              995.0,
              395.0
            ]
          ]
        ]
      },
      "properties": {
        "easting_m": 1000.0,
        "northing_m": 400.0,
        "predicted_subsidence_mm": -8.631,
        "estimation_variance_mm2": 740.2139,
        "estimation_std_mm": 27.207,
        "confidence_score": 0.155,
        "is_high_uncertainty": true
      }
    },
    {
      "type": "Feature",
      "geometry": {
        "type": "Polygon",
        "coordinates": [
          [
            [
              -5.0,
              445.0
            ],
            [
              5.0,
              445.0
            ],
            [
              5.0,
              455.0
            ],
            [
              -5.0,
              455.0
            ],
            [
              -5.0,
              445.0
            ]
          ]
        ]
      },
      "properties": {
        "easting_m": 0.0,
        "northing_m": 450.0,
        "predicted_subsidence_mm": -0.693,
        "estimation_variance_mm2": 259.5969,
        "estimation_std_mm": 16.112,
        "confidence_score": 0.237,
        "is_high_uncertainty": true
      }
    },
    {
      "type": "Feature",
      "geometry": {
        "type": "Polygon",
        "coordinates": [
          [
            [
              45.0,
              445.0
            ],
            [
              55.0,
              445.0
            ],
            [
              55.0,
              455.0
            ],
            [
              45.0,
              455.0
            ],
            [
              45.0,
              445.0
            ]
          ]
        ]
      },
      "properties": {
        "easting_m": 50.0,
        "northing_m": 450.0,
        "predicted_subsidence_mm": 5.592,
        "estimation_variance_mm2": 160.064,
        "estimation_std_mm": 12.652,
        "confidence_score": 0.283,
        "is_high_uncertainty": true
      }
    },
    {
      "type": "Feature",
      "geometry": {
        "type": "Polygon",
        "coordinates": [
          [
            [
              95.0,
              445.0
            ],
            [
              105.0,
              445.0
            ],
            [
              105.0,
              455.0
            ],
            [
              95.0,
              455.0
            ],
            [
              95.0,
              445.0
            ]
          ]
        ]
      },
      "properties": {
        "easting_m": 100.0,
        "northing_m": 450.0,
        "predicted_subsidence_mm": 12.068,
        "estimation_variance_mm2": 88.9111,
        "estimation_std_mm": 9.429,
        "confidence_score": 0.347,
        "is_high_uncertainty": true
      }
    },
    {
      "type": "Feature",
      "geometry": {
        "type": "Polygon",
        "coordinates": [
          [
            [
              145.0,
              445.0
            ],
            [
              155.0,
              445.0
            ],
            [
              155.0,
              455.0
            ],
            [
              145.0,
              455.0
            ],
            [
              145.0,
              445.0
            ]
          ]
        ]
      },
      "properties": {
        "easting_m": 150.0,
        "northing_m": 450.0,
        "predicted_subsidence_mm": 18.862,
        "estimation_variance_mm2": 45.9566,
        "estimation_std_mm": 6.779,
        "confidence_score": 0.424,
        "is_high_uncertainty": true
      }
    },
    {
      "type": "Feature",
      "geometry": {
        "type": "Polygon",
        "coordinates": [
          [
            [
              195.0,
              445.0
            ],
            [
              205.0,
              445.0
            ],
            [
              205.0,
              455.0
            ],
            [
              195.0,
              455.0
            ],
            [
              195.0,
              445.0
            ]
          ]
        ]
      },
      "properties": {
        "easting_m": 200.0,
        "northing_m": 450.0,
        "predicted_subsidence_mm": 26.212,
        "estimation_variance_mm2": 33.6758,
        "estimation_std_mm": 5.803,
        "confidence_score": 0.463,
        "is_high_uncertainty": true
      }
    },
    {
      "type": "Feature",
      "geometry": {
        "type": "Polygon",
        "coordinates": [
          [
            [
              245.0,
              445.0
            ],
            [
              255.0,
              445.0
            ],
            [
              255.0,
              455.0
            ],
            [
              245.0,
              455.0
            ],
            [
              245.0,
              445.0
            ]
          ]
        ]
      },
      "properties": {
        "easting_m": 250.0,
        "northing_m": 450.0,
        "predicted_subsidence_mm": 25.592,
        "estimation_variance_mm2": 34.4581,
        "estimation_std_mm": 5.87,
        "confidence_score": 0.46,
        "is_high_uncertainty": true
      }
    },
    {
      "type": "Feature",
      "geometry": {
        "type": "Polygon",
        "coordinates": [
          [
            [
              295.0,
              445.0
            ],
            [
              305.0,
              445.0
            ],
            [
              305.0,
              455.0
            ],
            [
              295.0,
              455.0
            ],
            [
              295.0,
              445.0
            ]
          ]
        ]
      },
      "properties": {
        "easting_m": 300.0,
        "northing_m": 450.0,
        "predicted_subsidence_mm": 25.116,
        "estimation_variance_mm2": 48.8405,
        "estimation_std_mm": 6.989,
        "confidence_score": 0.417,
        "is_high_uncertainty": true
      }
    },
    {
      "type": "Feature",
      "geometry": {
        "type": "Polygon",
        "coordinates": [
          [
            [
              345.0,
              445.0
            ],
            [
              355.0,
              445.0
            ],
            [
              355.0,
              455.0
            ],
            [
              345.0,
              455.0
            ],
            [
              345.0,
              445.0
            ]
          ]
        ]
      },
      "properties": {
        "easting_m": 350.0,
        "northing_m": 450.0,
        "predicted_subsidence_mm": 28.726,
        "estimation_variance_mm2": 41.5324,
        "estimation_std_mm": 6.445,
        "confidence_score": 0.437,
        "is_high_uncertainty": true
      }
    },
    {
      "type": "Feature",
      "geometry": {
        "type": "Polygon",
        "coordinates": [
          [
            [
              395.0,
              445.0
            ],
            [
              405.0,
              445.0
            ],
            [
              405.0,
              455.0
            ],
            [
              395.0,
              455.0
            ],
            [
              395.0,
              445.0
            ]
          ]
        ]
      },
      "properties": {
        "easting_m": 400.0,
        "northing_m": 450.0,
        "predicted_subsidence_mm": 34.787,
        "estimation_variance_mm2": 30.1229,
        "estimation_std_mm": 5.488,
        "confidence_score": 0.477,
        "is_high_uncertainty": true
      }
    },
    {
      "type": "Feature",
      "geometry": {
        "type": "Polygon",
        "coordinates": [
          [
            [
              445.0,
              445.0
            ],
            [
              455.0,
              445.0
            ],
            [
              455.0,
              455.0
            ],
            [
              445.0,
              455.0
            ],
            [
              445.0,
              445.0
            ]
          ]
        ]
      },
      "properties": {
        "easting_m": 450.0,
        "northing_m": 450.0,
        "predicted_subsidence_mm": 38.401,
        "estimation_variance_mm2": 45.6999,
        "estimation_std_mm": 6.76,
        "confidence_score": 0.425,
        "is_high_uncertainty": true
      }
    },
    {
      "type": "Feature",
      "geometry": {
        "type": "Polygon",
        "coordinates": [
          [
            [
              495.0,
              445.0
            ],
            [
              505.0,
              445.0
            ],
            [
              505.0,
              455.0
            ],
            [
              495.0,
              455.0
            ],
            [
              495.0,
              445.0
            ]
          ]
        ]
      },
      "properties": {
        "easting_m": 500.0,
        "northing_m": 450.0,
        "predicted_subsidence_mm": 33.057,
        "estimation_variance_mm2": 45.2204,
        "estimation_std_mm": 6.725,
        "confidence_score": 0.426,
        "is_high_uncertainty": true
      }
    },
    {
      "type": "Feature",
      "geometry": {
        "type": "Polygon",
        "coordinates": [
          [
            [
              545.0,
              445.0
            ],
            [
              555.0,
              445.0
            ],
            [
              555.0,
              455.0
            ],
            [
              545.0,
              455.0
            ],
            [
              545.0,
              445.0
            ]
          ]
        ]
      },
      "properties": {
        "easting_m": 550.0,
        "northing_m": 450.0,
        "predicted_subsidence_mm": 27.808,
        "estimation_variance_mm2": 57.3809,
        "estimation_std_mm": 7.575,
        "confidence_score": 0.398,
        "is_high_uncertainty": true
      }
    },
    {
      "type": "Feature",
      "geometry": {
        "type": "Polygon",
        "coordinates": [
          [
            [
              595.0,
              445.0
            ],
            [
              605.0,
              445.0
            ],
            [
              605.0,
              455.0
            ],
            [
              595.0,
              455.0
            ],
            [
              595.0,
              445.0
            ]
          ]
        ]
      },
      "properties": {
        "easting_m": 600.0,
        "northing_m": 450.0,
        "predicted_subsidence_mm": 22.871,
        "estimation_variance_mm2": 79.9177,
        "estimation_std_mm": 8.94,
        "confidence_score": 0.359,
        "is_high_uncertainty": true
      }
    },
    {
      "type": "Feature",
      "geometry": {
        "type": "Polygon",
        "coordinates": [
          [
            [
              645.0,
              445.0
            ],
            [
              655.0,
              445.0
            ],
            [
              655.0,
              455.0
            ],
            [
              645.0,
              455.0
            ],
            [
              645.0,
              445.0
            ]
          ]
        ]
      },
      "properties": {
        "easting_m": 650.0,
        "northing_m": 450.0,
        "predicted_subsidence_mm": 18.271,
        "estimation_variance_mm2": 113.0844,
        "estimation_std_mm": 10.634,
        "confidence_score": 0.32,
        "is_high_uncertainty": true
      }
    },
    {
      "type": "Feature",
      "geometry": {
        "type": "Polygon",
        "coordinates": [
          [
            [
              695.0,
              445.0
            ],
            [
              705.0,
              445.0
            ],
            [
              705.0,
              455.0
            ],
            [
              695.0,
              455.0
            ],
            [
              695.0,
              445.0
            ]
          ]
        ]
      },
      "properties": {
        "easting_m": 700.0,
        "northing_m": 450.0,
        "predicted_subsidence_mm": 13.967,
        "estimation_variance_mm2": 158.0116,
        "estimation_std_mm": 12.57,
        "confidence_score": 0.285,
        "is_high_uncertainty": true
      }
    },
    {
      "type": "Feature",
      "geometry": {
        "type": "Polygon",
        "coordinates": [
          [
            [
              745.0,
              445.0
            ],
            [
              755.0,
              445.0
            ],
            [
              755.0,
              455.0
            ],
            [
              745.0,
              455.0
            ],
            [
              745.0,
              445.0
            ]
          ]
        ]
      },
      "properties": {
        "easting_m": 750.0,
        "northing_m": 450.0,
        "predicted_subsidence_mm": 9.899,
        "estimation_variance_mm2": 215.9223,
        "estimation_std_mm": 14.694,
        "confidence_score": 0.254,
        "is_high_uncertainty": true
      }
    },
    {
      "type": "Feature",
      "geometry": {
        "type": "Polygon",
        "coordinates": [
          [
            [
              795.0,
              445.0
            ],
            [
              805.0,
              445.0
            ],
            [
              805.0,
              455.0
            ],
            [
              795.0,
              455.0
            ],
            [
              795.0,
              445.0
            ]
          ]
        ]
      },
      "properties": {
        "easting_m": 800.0,
        "northing_m": 450.0,
        "predicted_subsidence_mm": 6.015,
        "estimation_variance_mm2": 287.831,
        "estimation_std_mm": 16.966,
        "confidence_score": 0.228,
        "is_high_uncertainty": true
      }
    },
    {
      "type": "Feature",
      "geometry": {
        "type": "Polygon",
        "coordinates": [
          [
            [
              845.0,
              445.0
            ],
            [
              855.0,
              445.0
            ],
            [
              855.0,
              455.0
            ],
            [
              845.0,
              455.0
            ],
            [
              845.0,
              445.0
            ]
          ]
        ]
      },
      "properties": {
        "easting_m": 850.0,
        "northing_m": 450.0,
        "predicted_subsidence_mm": 2.271,
        "estimation_variance_mm2": 374.4749,
        "estimation_std_mm": 19.351,
        "confidence_score": 0.205,
        "is_high_uncertainty": true
      }
    },
    {
      "type": "Feature",
      "geometry": {
        "type": "Polygon",
        "coordinates": [
          [
            [
              895.0,
              445.0
            ],
            [
              905.0,
              445.0
            ],
            [
              905.0,
              455.0
            ],
            [
              895.0,
              455.0
            ],
            [
              895.0,
              445.0
            ]
          ]
        ]
      },
      "properties": {
        "easting_m": 900.0,
        "northing_m": 450.0,
        "predicted_subsidence_mm": -1.365,
        "estimation_variance_mm2": 476.3569,
        "estimation_std_mm": 21.826,
        "confidence_score": 0.186,
        "is_high_uncertainty": true
      }
    },
    {
      "type": "Feature",
      "geometry": {
        "type": "Polygon",
        "coordinates": [
          [
            [
              945.0,
              445.0
            ],
            [
              955.0,
              445.0
            ],
            [
              955.0,
              455.0
            ],
            [
              945.0,
              455.0
            ],
            [
              945.0,
              445.0
            ]
          ]
        ]
      },
      "properties": {
        "easting_m": 950.0,
        "northing_m": 450.0,
        "predicted_subsidence_mm": -4.917,
        "estimation_variance_mm2": 593.8184,
        "estimation_std_mm": 24.368,
        "confidence_score": 0.17,
        "is_high_uncertainty": true
      }
    },
    {
      "type": "Feature",
      "geometry": {
        "type": "Polygon",
        "coordinates": [
          [
            [
              995.0,
              445.0
            ],
            [
              1005.0,
              445.0
            ],
            [
              1005.0,
              455.0
            ],
            [
              995.0,
              455.0
            ],
            [
              995.0,
              445.0
            ]
          ]
        ]
      },
      "properties": {
        "easting_m": 1000.0,
        "northing_m": 450.0,
        "predicted_subsidence_mm": -8.405,
        "estimation_variance_mm2": 727.1021,
        "estimation_std_mm": 26.965,
        "confidence_score": 0.156,
        "is_high_uncertainty": true
      }
    },
    {
      "type": "Feature",
      "geometry": {
        "type": "Polygon",
        "coordinates": [
          [
            [
              -5.0,
              495.0
            ],
            [
              5.0,
              495.0
            ],
            [
              5.0,
              505.0
            ],
            [
              -5.0,
              505.0
            ],
            [
              -5.0,
              495.0
            ]
          ]
        ]
      },
      "properties": {
        "easting_m": 0.0,
        "northing_m": 500.0,
        "predicted_subsidence_mm": -0.365,
        "estimation_variance_mm2": 271.2583,
        "estimation_std_mm": 16.47,
        "confidence_score": 0.233,
        "is_high_uncertainty": true
      }
    },
    {
      "type": "Feature",
      "geometry": {
        "type": "Polygon",
        "coordinates": [
          [
            [
              45.0,
              495.0
            ],
            [
              55.0,
              495.0
            ],
            [
              55.0,
              505.0
            ],
            [
              45.0,
              505.0
            ],
            [
              45.0,
              495.0
            ]
          ]
        ]
      },
      "properties": {
        "easting_m": 50.0,
        "northing_m": 500.0,
        "predicted_subsidence_mm": 5.951,
        "estimation_variance_mm2": 170.8604,
        "estimation_std_mm": 13.071,
        "confidence_score": 0.277,
        "is_high_uncertainty": true
      }
    },
    {
      "type": "Feature",
      "geometry": {
        "type": "Polygon",
        "coordinates": [
          [
            [
              95.0,
              495.0
            ],
            [
              105.0,
              495.0
            ],
            [
              105.0,
              505.0
            ],
            [
              95.0,
              505.0
            ],
            [
              95.0,
              495.0
            ]
          ]
        ]
      },
      "properties": {
        "easting_m": 100.0,
        "northing_m": 500.0,
        "predicted_subsidence_mm": 12.472,
        "estimation_variance_mm2": 98.2371,
        "estimation_std_mm": 9.911,
        "confidence_score": 0.335,
        "is_high_uncertainty": true
      }
    },
    {
      "type": "Feature",
      "geometry": {
        "type": "Polygon",
        "coordinates": [
          [
            [
              145.0,
              495.0
            ],
            [
              155.0,
              495.0
            ],
            [
              155.0,
              505.0
            ],
            [
              145.0,
              505.0
            ],
            [
              145.0,
              495.0
            ]
          ]
        ]
      },
      "properties": {
        "easting_m": 150.0,
        "northing_m": 500.0,
        "predicted_subsidence_mm": 19.295,
        "estimation_variance_mm2": 52.1805,
        "estimation_std_mm": 7.224,
        "confidence_score": 0.409,
        "is_high_uncertainty": true
      }
    },
    {
      "type": "Feature",
      "geometry": {
        "type": "Polygon",
        "coordinates": [
          [
            [
              195.0,
              495.0
            ],
            [
              205.0,
              495.0
            ],
            [
              205.0,
              505.0
            ],
            [
              195.0,
              505.0
            ],
            [
              195.0,
              495.0
            ]
          ]
        ]
      },
      "properties": {
        "easting_m": 200.0,
        "northing_m": 500.0,
        "predicted_subsidence_mm": 26.525,
        "estimation_variance_mm2": 30.4602,
        "estimation_std_mm": 5.519,
        "confidence_score": 0.475,
        "is_high_uncertainty": true
      }
    },
    {
      "type": "Feature",
      "geometry": {
        "type": "Polygon",
        "coordinates": [
          [
            [
              245.0,
              495.0
            ],
            [
              255.0,
              495.0
            ],
            [
              255.0,
              505.0
            ],
            [
              245.0,
              505.0
            ],
            [
              245.0,
              495.0
            ]
          ]
        ]
      },
      "properties": {
        "easting_m": 250.0,
        "northing_m": 500.0,
        "predicted_subsidence_mm": 25.542,
        "estimation_variance_mm2": 32.1811,
        "estimation_std_mm": 5.673,
        "confidence_score": 0.468,
        "is_high_uncertainty": true
      }
    },
    {
      "type": "Feature",
      "geometry": {
        "type": "Polygon",
        "coordinates": [
          [
            [
              295.0,
              495.0
            ],
            [
              305.0,
              495.0
            ],
            [
              305.0,
              505.0
            ],
            [
              295.0,
              505.0
            ],
            [
              295.0,
              495.0
            ]
          ]
        ]
      },
      "properties": {
        "easting_m": 300.0,
        "northing_m": 500.0,
        "predicted_subsidence_mm": 24.686,
        "estimation_variance_mm2": 52.0863,
        "estimation_std_mm": 7.217,
        "confidence_score": 0.409,
        "is_high_uncertainty": true
      }
    },
    {
      "type": "Feature",
      "geometry": {
        "type": "Polygon",
        "coordinates": [
          [
            [
              345.0,
              495.0
            ],
            [
              355.0,
              495.0
            ],
            [
              355.0,
              505.0
            ],
            [
              345.0,
              505.0
            ],
            [
              345.0,
              495.0
            ]
          ]
        ]
      },
      "properties": {
        "easting_m": 350.0,
        "northing_m": 500.0,
        "predicted_subsidence_mm": 27.914,
        "estimation_variance_mm2": 48.318,
        "estimation_std_mm": 6.951,
        "confidence_score": 0.418,
        "is_high_uncertainty": true
      }
    },
    {
      "type": "Feature",
      "geometry": {
        "type": "Polygon",
        "coordinates": [
          [
            [
              395.0,
              495.0
            ],
            [
              405.0,
              495.0
            ],
            [
              405.0,
              505.0
            ],
            [
              395.0,
              505.0
            ],
            [
              395.0,
              495.0
            ]
          ]
        ]
      },
      "properties": {
        "easting_m": 400.0,
        "northing_m": 500.0,
        "predicted_subsidence_mm": 34.365,
        "estimation_variance_mm2": 32.2163,
        "estimation_std_mm": 5.676,
        "confidence_score": 0.468,
        "is_high_uncertainty": true
      }
    },
    {
      "type": "Feature",
      "geometry": {
        "type": "Polygon",
        "coordinates": [
          [
            [
              445.0,
              495.0
            ],
            [
              455.0,
              495.0
            ],
            [
              455.0,
              505.0
            ],
            [
              445.0,
              505.0
            ],
            [
              445.0,
              495.0
            ]
          ]
        ]
      },
      "properties": {
        "easting_m": 450.0,
        "northing_m": 500.0,
        "predicted_subsidence_mm": 38.817,
        "estimation_variance_mm2": 42.7215,
        "estimation_std_mm": 6.536,
        "confidence_score": 0.433,
        "is_high_uncertainty": true
      }
    },
    {
      "type": "Feature",
      "geometry": {
        "type": "Polygon",
        "coordinates": [
          [
            [
              495.0,
              495.0
            ],
            [
              505.0,
              495.0
            ],
            [
              505.0,
              505.0
            ],
            [
              495.0,
              505.0
            ],
            [
              495.0,
              495.0
            ]
          ]
        ]
      },
      "properties": {
        "easting_m": 500.0,
        "northing_m": 500.0,
        "predicted_subsidence_mm": 33.583,
        "estimation_variance_mm2": 42.8524,
        "estimation_std_mm": 6.546,
        "confidence_score": 0.433,
        "is_high_uncertainty": true
      }
    },
    {
      "type": "Feature",
      "geometry": {
        "type": "Polygon",
        "coordinates": [
          [
            [
              545.0,
              495.0
            ],
            [
              555.0,
              495.0
            ],
            [
              555.0,
              505.0
            ],
            [
              545.0,
              505.0
            ],
            [
              545.0,
              495.0
            ]
          ]
        ]
      },
      "properties": {
        "easting_m": 550.0,
        "northing_m": 500.0,
        "predicted_subsidence_mm": 28.299,
        "estimation_variance_mm2": 53.9909,
        "estimation_std_mm": 7.348,
        "confidence_score": 0.405,
        "is_high_uncertainty": true
      }
    },
    {
      "type": "Feature",
      "geometry": {
        "type": "Polygon",
        "coordinates": [
          [
            [
              595.0,
              495.0
            ],
            [
              605.0,
              495.0
            ],
            [
              605.0,
              505.0
            ],
            [
              595.0,
              505.0
            ],
            [
              595.0,
              495.0
            ]
          ]
        ]
      },
      "properties": {
        "easting_m": 600.0,
        "northing_m": 500.0,
        "predicted_subsidence_mm": 23.296,
        "estimation_variance_mm2": 74.9505,
        "estimation_std_mm": 8.657,
        "confidence_score": 0.366,
        "is_high_uncertainty": true
      }
    },
    {
      "type": "Feature",
      "geometry": {
        "type": "Polygon",
        "coordinates": [
          [
            [
              645.0,
              495.0
            ],
            [
              655.0,
              495.0
            ],
            [
              655.0,
              505.0
            ],
            [
              645.0,
              505.0
            ],
            [
              645.0,
              495.0
            ]
          ]
        ]
      },
      "properties": {
        "easting_m": 650.0,
        "northing_m": 500.0,
        "predicted_subsidence_mm": 18.626,
        "estimation_variance_mm2": 106.178,
        "estimation_std_mm": 10.304,
        "confidence_score": 0.327,
        "is_high_uncertainty": true
      }
    },
    {
      "type": "Feature",
      "geometry": {
        "type": "Polygon",
        "coordinates": [
          [
            [
              695.0,
              495.0
            ],
            [
              705.0,
              495.0
            ],
            [
              705.0,
              505.0
            ],
            [
              695.0,
              505.0
            ],
            [
              695.0,
              495.0
            ]
          ]
        ]
      },
      "properties": {
        "easting_m": 700.0,
        "northing_m": 500.0,
        "predicted_subsidence_mm": 14.26,
        "estimation_variance_mm2": 149.1053,
        "estimation_std_mm": 12.211,
        "confidence_score": 0.291,
        "is_high_uncertainty": true
      }
    },
    {
      "type": "Feature",
      "geometry": {
        "type": "Polygon",
        "coordinates": [
          [
            [
              745.0,
              495.0
            ],
            [
              755.0,
              495.0
            ],
            [
              755.0,
              505.0
            ],
            [
              745.0,
              505.0
            ],
            [
              745.0,
              495.0
            ]
          ]
        ]
      },
      "properties": {
        "easting_m": 750.0,
        "northing_m": 500.0,
        "predicted_subsidence_mm": 10.146,
        "estimation_variance_mm2": 205.3219,
        "estimation_std_mm": 14.329,
        "confidence_score": 0.259,
        "is_high_uncertainty": true
      }
    },
    {
      "type": "Feature",
      "geometry": {
        "type": "Polygon",
        "coordinates": [
          [
            [
              795.0,
              495.0
            ],
            [
              805.0,
              495.0
            ],
            [
              805.0,
              505.0
            ],
            [
              795.0,
              505.0
            ],
            [
              795.0,
              495.0
            ]
          ]
        ]
      },
      "properties": {
        "easting_m": 800.0,
        "northing_m": 500.0,
        "predicted_subsidence_mm": 6.228,
        "estimation_variance_mm2": 276.0135,
        "estimation_std_mm": 16.614,
        "confidence_score": 0.231,
        "is_high_uncertainty": true
      }
    },
    {
      "type": "Feature",
      "geometry": {
        "type": "Polygon",
        "coordinates": [
          [
            [
              845.0,
              495.0
            ],
            [
              855.0,
              495.0
            ],
            [
              855.0,
              505.0
            ],
            [
              845.0,
              505.0
            ],
            [
              845.0,
              495.0
            ]
          ]
        ]
      },
      "properties": {
        "easting_m": 850.0,
        "northing_m": 500.0,
        "predicted_subsidence_mm": 2.46,
        "estimation_variance_mm2": 361.9127,
        "estimation_std_mm": 19.024,
        "confidence_score": 0.208,
        "is_high_uncertainty": true
      }
    },
    {
      "type": "Feature",
      "geometry": {
        "type": "Polygon",
        "coordinates": [
          [
            [
              895.0,
              495.0
            ],
            [
              905.0,
              495.0
            ],
            [
              905.0,
              505.0
            ],
            [
              895.0,
              505.0
            ],
            [
              895.0,
              495.0
            ]
          ]
        ]
      },
      "properties": {
        "easting_m": 900.0,
        "northing_m": 500.0,
        "predicted_subsidence_mm": -1.193,
        "estimation_variance_mm2": 463.4423,
        "estimation_std_mm": 21.528,
        "confidence_score": 0.188,
        "is_high_uncertainty": true
      }
    },
    {
      "type": "Feature",
      "geometry": {
        "type": "Polygon",
        "coordinates": [
          [
            [
              945.0,
              495.0
            ],
            [
              955.0,
              495.0
            ],
            [
              955.0,
              505.0
            ],
            [
              945.0,
              505.0
            ],
            [
              945.0,
              495.0
            ]
          ]
        ]
      },
      "properties": {
        "easting_m": 950.0,
        "northing_m": 500.0,
        "predicted_subsidence_mm": -4.759,
        "estimation_variance_mm2": 580.8543,
        "estimation_std_mm": 24.101,
        "confidence_score": 0.172,
        "is_high_uncertainty": true
      }
    },
    {
      "type": "Feature",
      "geometry": {
        "type": "Polygon",
        "coordinates": [
          [
            [
              995.0,
              495.0
            ],
            [
              1005.0,
              495.0
            ],
            [
              1005.0,
              505.0
            ],
            [
              995.0,
              505.0
            ],
            [
              995.0,
              495.0
            ]
          ]
        ]
      },
      "properties": {
        "easting_m": 1000.0,
        "northing_m": 500.0,
        "predicted_subsidence_mm": -8.258,
        "estimation_variance_mm2": 714.3168,
        "estimation_std_mm": 26.727,
        "confidence_score": 0.158,
        "is_high_uncertainty": true
      }
    },
    {
      "type": "Feature",
      "geometry": {
        "type": "Polygon",
        "coordinates": [
          [
            [
              -5.0,
              545.0
            ],
            [
              5.0,
              545.0
            ],
            [
              5.0,
              555.0
            ],
            [
              -5.0,
              555.0
            ],
            [
              -5.0,
              545.0
            ]
          ]
        ]
      },
      "properties": {
        "easting_m": 0.0,
        "northing_m": 550.0,
        "predicted_subsidence_mm": -0.226,
        "estimation_variance_mm2": 283.9853,
        "estimation_std_mm": 16.852,
        "confidence_score": 0.229,
        "is_high_uncertainty": true
      }
    },
    {
      "type": "Feature",
      "geometry": {
        "type": "Polygon",
        "coordinates": [
          [
            [
              45.0,
              545.0
            ],
            [
              55.0,
              545.0
            ],
            [
              55.0,
              555.0
            ],
            [
              45.0,
              555.0
            ],
            [
              45.0,
              545.0
            ]
          ]
        ]
      },
      "properties": {
        "easting_m": 50.0,
        "northing_m": 550.0,
        "predicted_subsidence_mm": 6.051,
        "estimation_variance_mm2": 182.9525,
        "estimation_std_mm": 13.526,
        "confidence_score": 0.27,
        "is_high_uncertainty": true
      }
    },
    {
      "type": "Feature",
      "geometry": {
        "type": "Polygon",
        "coordinates": [
          [
            [
              95.0,
              545.0
            ],
            [
              105.0,
              545.0
            ],
            [
              105.0,
              555.0
            ],
            [
              95.0,
              555.0
            ],
            [
              95.0,
              545.0
            ]
          ]
        ]
      },
      "properties": {
        "easting_m": 100.0,
        "northing_m": 550.0,
        "predicted_subsidence_mm": 12.492,
        "estimation_variance_mm2": 109.404,
        "estimation_std_mm": 10.46,
        "confidence_score": 0.323,
        "is_high_uncertainty": true
      }
    },
    {
      "type": "Feature",
      "geometry": {
        "type": "Polygon",
        "coordinates": [
          [
            [
              145.0,
              545.0
            ],
            [
              155.0,
              545.0
            ],
            [
              155.0,
              555.0
            ],
            [
              145.0,
              555.0
            ],
            [
              145.0,
              545.0
            ]
          ]
        ]
      },
      "properties": {
        "easting_m": 150.0,
        "northing_m": 550.0,
        "predicted_subsidence_mm": 19.143,
        "estimation_variance_mm2": 62.4402,
        "estimation_std_mm": 7.902,
        "confidence_score": 0.388,
        "is_high_uncertainty": true
      }
    },
    {
      "type": "Feature",
      "geometry": {
        "type": "Polygon",
        "coordinates": [
          [
            [
              195.0,
              545.0
            ],
            [
              205.0,
              545.0
            ],
            [
              205.0,
              555.0
            ],
            [
              195.0,
              555.0
            ],
            [
              195.0,
              545.0
            ]
          ]
        ]
      },
      "properties": {
        "easting_m": 200.0,
        "northing_m": 550.0,
        "predicted_subsidence_mm": 26.017,
        "estimation_variance_mm2": 42.6971,
        "estimation_std_mm": 6.534,
        "confidence_score": 0.433,
        "is_high_uncertainty": true
      }
    },
    {
      "type": "Feature",
      "geometry": {
        "type": "Polygon",
        "coordinates": [
          [
            [
              245.0,
              545.0
            ],
            [
              255.0,
              545.0
            ],
            [
              255.0,
              555.0
            ],
            [
              245.0,
              555.0
            ],
            [
              245.0,
              545.0
            ]
          ]
        ]
      },
      "properties": {
        "easting_m": 250.0,
        "northing_m": 550.0,
        "predicted_subsidence_mm": 24.59,
        "estimation_variance_mm2": 40.5044,
        "estimation_std_mm": 6.364,
        "confidence_score": 0.44,
        "is_high_uncertainty": true
      }
    },
    {
      "type": "Feature",
      "geometry": {
        "type": "Polygon",
        "coordinates": [
          [
            [
              295.0,
              545.0
            ],
            [
              305.0,
              545.0
            ],
            [
              305.0,
              555.0
            ],
            [
              295.0,
              555.0
            ],
            [
              295.0,
              545.0
            ]
          ]
        ]
      },
      "properties": {
        "easting_m": 300.0,
        "northing_m": 550.0,
        "predicted_subsidence_mm": 23.27,
        "estimation_variance_mm2": 56.6285,
        "estimation_std_mm": 7.525,
        "confidence_score": 0.399,
        "is_high_uncertainty": true
      }
    },
    {
      "type": "Feature",
      "geometry": {
        "type": "Polygon",
        "coordinates": [
          [
            [
              345.0,
              545.0
            ],
            [
              355.0,
              545.0
            ],
            [
              355.0,
              555.0
            ],
            [
              345.0,
              555.0
            ],
            [
              345.0,
              545.0
            ]
          ]
        ]
      },
      "properties": {
        "easting_m": 350.0,
        "northing_m": 550.0,
        "predicted_subsidence_mm": 26.25,
        "estimation_variance_mm2": 51.4413,
        "estimation_std_mm": 7.172,
        "confidence_score": 0.411,
        "is_high_uncertainty": true
      }
    },
    {
      "type": "Feature",
      "geometry": {
        "type": "Polygon",
        "coordinates": [
          [
            [
              395.0,
              545.0
            ],
            [
              405.0,
              545.0
            ],
            [
              405.0,
              555.0
            ],
            [
              395.0,
              555.0
            ],
            [
              395.0,
              545.0
            ]
          ]
        ]
      },
      "properties": {
        "easting_m": 400.0,
        "northing_m": 550.0,
        "predicted_subsidence_mm": 33.392,
        "estimation_variance_mm2": 27.6634,
        "estimation_std_mm": 5.26,
        "confidence_score": 0.487,
        "is_high_uncertainty": true
      }
    },
    {
      "type": "Feature",
      "geometry": {
        "type": "Polygon",
        "coordinates": [
          [
            [
              445.0,
              545.0
            ],
            [
              455.0,
              545.0
            ],
            [
              455.0,
              555.0
            ],
            [
              445.0,
              555.0
            ],
            [
              445.0,
              545.0
            ]
          ]
        ]
      },
      "properties": {
        "easting_m": 450.0,
        "northing_m": 550.0,
        "predicted_subsidence_mm": 38.165,
        "estimation_variance_mm2": 35.804,
        "estimation_std_mm": 5.984,
        "confidence_score": 0.455,
        "is_high_uncertainty": true
      }
    },
    {
      "type": "Feature",
      "geometry": {
        "type": "Polygon",
        "coordinates": [
          [
            [
              495.0,
              545.0
            ],
            [
              505.0,
              545.0
            ],
            [
              505.0,
              555.0
            ],
            [
              495.0,
              555.0
            ],
            [
              495.0,
              545.0
            ]
          ]
        ]
      },
      "properties": {
        "easting_m": 500.0,
        "northing_m": 550.0,
        "predicted_subsidence_mm": 32.96,
        "estimation_variance_mm2": 36.9281,
        "estimation_std_mm": 6.077,
        "confidence_score": 0.451,
        "is_high_uncertainty": true
      }
    },
    {
      "type": "Feature",
      "geometry": {
        "type": "Polygon",
        "coordinates": [
          [
            [
              545.0,
              545.0
            ],
            [
              555.0,
              545.0
            ],
            [
              555.0,
              555.0
            ],
            [
              545.0,
              555.0
            ],
            [
              545.0,
              545.0
            ]
          ]
        ]
      },
      "properties": {
        "easting_m": 550.0,
        "northing_m": 550.0,
        "predicted_subsidence_mm": 27.868,
        "estimation_variance_mm2": 46.8453,
        "estimation_std_mm": 6.844,
        "confidence_score": 0.422,
        "is_high_uncertainty": true
      }
    },
    {
      "type": "Feature",
      "geometry": {
        "type": "Polygon",
        "coordinates": [
          [
            [
              595.0,
              545.0
            ],
            [
              605.0,
              545.0
            ],
            [
              605.0,
              555.0
            ],
            [
              595.0,
              555.0
            ],
            [
              595.0,
              545.0
            ]
          ]
        ]
      },
      "properties": {
        "easting_m": 600.0,
        "northing_m": 550.0,
        "predicted_subsidence_mm": 23.013,
        "estimation_variance_mm2": 66.7201,
        "estimation_std_mm": 8.168,
        "confidence_score": 0.38,
        "is_high_uncertainty": true
      }
    },
    {
      "type": "Feature",
      "geometry": {
        "type": "Polygon",
        "coordinates": [
          [
            [
              645.0,
              545.0
            ],
            [
              655.0,
              545.0
            ],
            [
              655.0,
              555.0
            ],
            [
              645.0,
              555.0
            ],
            [
              645.0,
              545.0
            ]
          ]
        ]
      },
      "properties": {
        "easting_m": 650.0,
        "northing_m": 550.0,
        "predicted_subsidence_mm": 18.445,
        "estimation_variance_mm2": 96.2626,
        "estimation_std_mm": 9.811,
        "confidence_score": 0.338,
        "is_high_uncertainty": true
      }
    },
    {
      "type": "Feature",
      "geometry": {
        "type": "Polygon",
        "coordinates": [
          [
            [
              695.0,
              545.0
            ],
            [
              705.0,
              545.0
            ],
            [
              705.0,
              555.0
            ],
            [
              695.0,
              555.0
            ],
            [
              695.0,
              545.0
            ]
          ]
        ]
      },
      "properties": {
        "easting_m": 700.0,
        "northing_m": 550.0,
        "predicted_subsidence_mm": 14.155,
        "estimation_variance_mm2": 137.5948,
        "estimation_std_mm": 11.73,
        "confidence_score": 0.299,
        "is_high_uncertainty": true
      }
    },
    {
      "type": "Feature",
      "geometry": {
        "type": "Polygon",
        "coordinates": [
          [
            [
              745.0,
              545.0
            ],
            [
              755.0,
              545.0
            ],
            [
              755.0,
              555.0
            ],
            [
              745.0,
              555.0
            ],
            [
              745.0,
              545.0
            ]
          ]
        ]
      },
      "properties": {
        "easting_m": 750.0,
        "northing_m": 550.0,
        "predicted_subsidence_mm": 10.097,
        "estimation_variance_mm2": 192.7676,
        "estimation_std_mm": 13.884,
        "confidence_score": 0.265,
        "is_high_uncertainty": true
      }
    },
    {
      "type": "Feature",
      "geometry": {
        "type": "Polygon",
        "coordinates": [
          [
            [
              795.0,
              545.0
            ],
            [
              805.0,
              545.0
            ],
            [
              805.0,
              555.0
            ],
            [
              795.0,
              555.0
            ],
            [
              795.0,
              545.0
            ]
          ]
        ]
      },
      "properties": {
        "easting_m": 800.0,
        "northing_m": 550.0,
        "predicted_subsidence_mm": 6.22,
        "estimation_variance_mm2": 262.9778,
        "estimation_std_mm": 16.217,
        "confidence_score": 0.236,
        "is_high_uncertainty": true
      }
    },
    {
      "type": "Feature",
      "geometry": {
        "type": "Polygon",
        "coordinates": [
          [
            [
              845.0,
              545.0
            ],
            [
              855.0,
              545.0
            ],
            [
              855.0,
              555.0
            ],
            [
              845.0,
              555.0
            ],
            [
              845.0,
              545.0
            ]
          ]
        ]
      },
      "properties": {
        "easting_m": 850.0,
        "northing_m": 550.0,
        "predicted_subsidence_mm": 2.482,
        "estimation_variance_mm2": 348.8086,
        "estimation_std_mm": 18.676,
        "confidence_score": 0.211,
        "is_high_uncertainty": true
      }
    },
    {
      "type": "Feature",
      "geometry": {
        "type": "Polygon",
        "coordinates": [
          [
            [
              895.0,
              545.0
            ],
            [
              905.0,
              545.0
            ],
            [
              905.0,
              555.0
            ],
            [
              895.0,
              555.0
            ],
            [
              895.0,
              545.0
            ]
          ]
        ]
      },
      "properties": {
        "easting_m": 900.0,
        "northing_m": 550.0,
        "predicted_subsidence_mm": -1.151,
        "estimation_variance_mm2": 450.5404,
        "estimation_std_mm": 21.226,
        "confidence_score": 0.191,
        "is_high_uncertainty": true
      }
    },
    {
      "type": "Feature",
      "geometry": {
        "type": "Polygon",
        "coordinates": [
          [
            [
              945.0,
              545.0
            ],
            [
              955.0,
              545.0
            ],
            [
              955.0,
              555.0
            ],
            [
              945.0,
              555.0
            ],
            [
              945.0,
              545.0
            ]
          ]
        ]
      },
      "properties": {
        "easting_m": 950.0,
        "northing_m": 550.0,
        "predicted_subsidence_mm": -4.704,
        "estimation_variance_mm2": 568.3284,
        "estimation_std_mm": 23.84,
        "confidence_score": 0.173,
        "is_high_uncertainty": true
      }
    },
    {
      "type": "Feature",
      "geometry": {
        "type": "Polygon",
        "coordinates": [
          [
            [
              995.0,
              545.0
            ],
            [
              1005.0,
              545.0
            ],
            [
              1005.0,
              555.0
            ],
            [
              995.0,
              555.0
            ],
            [
              995.0,
              545.0
            ]
          ]
        ]
      },
      "properties": {
        "easting_m": 1000.0,
        "northing_m": 550.0,
        "predicted_subsidence_mm": -8.193,
        "estimation_variance_mm2": 702.2833,
        "estimation_std_mm": 26.501,
        "confidence_score": 0.159,
        "is_high_uncertainty": true
      }
    },
    {
      "type": "Feature",
      "geometry": {
        "type": "Polygon",
        "coordinates": [
          [
            [
              -5.0,
              595.0
            ],
            [
              5.0,
              595.0
            ],
            [
              5.0,
              605.0
            ],
            [
              -5.0,
              605.0
            ],
            [
              -5.0,
              595.0
            ]
          ]
        ]
      },
      "properties": {
        "easting_m": 0.0,
        "northing_m": 600.0,
        "predicted_subsidence_mm": -0.267,
        "estimation_variance_mm2": 297.4163,
        "estimation_std_mm": 17.246,
        "confidence_score": 0.225,
        "is_high_uncertainty": true
      }
    },
    {
      "type": "Feature",
      "geometry": {
        "type": "Polygon",
        "coordinates": [
          [
            [
              45.0,
              595.0
            ],
            [
              55.0,
              595.0
            ],
            [
              55.0,
              605.0
            ],
            [
              45.0,
              605.0
            ],
            [
              45.0,
              595.0
            ]
          ]
        ]
      },
      "properties": {
        "easting_m": 50.0,
        "northing_m": 600.0,
        "predicted_subsidence_mm": 5.911,
        "estimation_variance_mm2": 196.0159,
        "estimation_std_mm": 14.001,
        "confidence_score": 0.263,
        "is_high_uncertainty": true
      }
    },
    {
      "type": "Feature",
      "geometry": {
        "type": "Polygon",
        "coordinates": [
          [
            [
              95.0,
              595.0
            ],
            [
              105.0,
              595.0
            ],
            [
              105.0,
              605.0
            ],
            [
              95.0,
              605.0
            ],
            [
              95.0,
              595.0
            ]
          ]
        ]
      },
      "properties": {
        "easting_m": 100.0,
        "northing_m": 600.0,
        "predicted_subsidence_mm": 12.188,
        "estimation_variance_mm2": 122.128,
        "estimation_std_mm": 11.051,
        "confidence_score": 0.312,
        "is_high_uncertainty": true
      }
    },
    {
      "type": "Feature",
      "geometry": {
        "type": "Polygon",
        "coordinates": [
          [
            [
              145.0,
              595.0
            ],
            [
              155.0,
              595.0
            ],
            [
              155.0,
              605.0
            ],
            [
              145.0,
              605.0
            ],
            [
              145.0,
              595.0
            ]
          ]
        ]
      },
      "properties": {
        "easting_m": 150.0,
        "northing_m": 600.0,
        "predicted_subsidence_mm": 18.565,
        "estimation_variance_mm2": 75.2426,
        "estimation_std_mm": 8.674,
        "confidence_score": 0.366,
        "is_high_uncertainty": true
      }
    },
    {
      "type": "Feature",
      "geometry": {
        "type": "Polygon",
        "coordinates": [
          [
            [
              195.0,
              595.0
            ],
            [
              205.0,
              595.0
            ],
            [
              205.0,
              605.0
            ],
            [
              195.0,
              605.0
            ],
            [
              195.0,
              595.0
            ]
          ]
        ]
      },
      "properties": {
        "easting_m": 200.0,
        "northing_m": 600.0,
        "predicted_subsidence_mm": 25.015,
        "estimation_variance_mm2": 55.5207,
        "estimation_std_mm": 7.451,
        "confidence_score": 0.402,
        "is_high_uncertainty": true
      }
    },
    {
      "type": "Feature",
      "geometry": {
        "type": "Polygon",
        "coordinates": [
          [
            [
              245.0,
              595.0
            ],
            [
              255.0,
              595.0
            ],
            [
              255.0,
              605.0
            ],
            [
              245.0,
              605.0
            ],
            [
              245.0,
              595.0
            ]
          ]
        ]
      },
      "properties": {
        "easting_m": 250.0,
        "northing_m": 600.0,
        "predicted_subsidence_mm": 23.031,
        "estimation_variance_mm2": 49.0985,
        "estimation_std_mm": 7.007,
        "confidence_score": 0.416,
        "is_high_uncertainty": true
      }
    },
    {
      "type": "Feature",
      "geometry": {
        "type": "Polygon",
        "coordinates": [
          [
            [
              295.0,
              595.0
            ],
            [
              305.0,
              595.0
            ],
            [
              305.0,
              605.0
            ],
            [
              295.0,
              605.0
            ],
            [
              295.0,
              595.0
            ]
          ]
        ]
      },
      "properties": {
        "easting_m": 300.0,
        "northing_m": 600.0,
        "predicted_subsidence_mm": 25.282,
        "estimation_variance_mm2": 42.3794,
        "estimation_std_mm": 6.51,
        "confidence_score": 0.434,
        "is_high_uncertainty": true
      }
    },
    {
      "type": "Feature",
      "geometry": {
        "type": "Polygon",
        "coordinates": [
          [
            [
              345.0,
              595.0
            ],
            [
              355.0,
              595.0
            ],
            [
              355.0,
              605.0
            ],
            [
              345.0,
              605.0
            ],
            [
              345.0,
              595.0
            ]
          ]
        ]
      },
      "properties": {
        "easting_m": 350.0,
        "northing_m": 600.0,
        "predicted_subsidence_mm": 27.663,
        "estimation_variance_mm2": 36.778,
        "estimation_std_mm": 6.064,
        "confidence_score": 0.452,
        "is_high_uncertainty": true
      }
    },
    {
      "type": "Feature",
      "geometry": {
        "type": "Polygon",
        "coordinates": [
          [
            [
              395.0,
              595.0
            ],
            [
              405.0,
              595.0
            ],
            [
              405.0,
              605.0
            ],
            [
              395.0,
              605.0
            ],
            [
              395.0,
              595.0
            ]
          ]
        ]
      },
      "properties": {
        "easting_m": 400.0,
        "northing_m": 600.0,
        "predicted_subsidence_mm": 30.029,
        "estimation_variance_mm2": 32.4481,
        "estimation_std_mm": 5.696,
        "confidence_score": 0.467,
        "is_high_uncertainty": true
      }
    },
    {
      "type": "Feature",
      "geometry": {
        "type": "Polygon",
        "coordinates": [
          [
            [
              445.0,
              595.0
            ],
            [
              455.0,
              595.0
            ],
            [
              455.0,
              605.0
            ],
            [
              445.0,
              605.0
            ],
            [
              445.0,
              595.0
            ]
          ]
        ]
      },
      "properties": {
        "easting_m": 450.0,
        "northing_m": 600.0,
        "predicted_subsidence_mm": 35.431,
        "estimation_variance_mm2": 38.7667,
        "estimation_std_mm": 6.226,
        "confidence_score": 0.445,
        "is_high_uncertainty": true
      }
    },
    {
      "type": "Feature",
      "geometry": {
        "type": "Polygon",
        "coordinates": [
          [
            [
              495.0,
              595.0
            ],
            [
              505.0,
              595.0
            ],
            [
              505.0,
              605.0
            ],
            [
              495.0,
              605.0
            ],
            [
              495.0,
              595.0
            ]
          ]
        ]
      },
      "properties": {
        "easting_m": 500.0,
        "northing_m": 600.0,
        "predicted_subsidence_mm": 31.193,
        "estimation_variance_mm2": 28.1852,
        "estimation_std_mm": 5.309,
        "confidence_score": 0.485,
        "is_high_uncertainty": true
      }
    },
    {
      "type": "Feature",
      "geometry": {
        "type": "Polygon",
        "coordinates": [
          [
            [
              545.0,
              595.0
            ],
            [
              555.0,
              595.0
            ],
            [
              555.0,
              605.0
            ],
            [
              545.0,
              605.0
            ],
            [
              545.0,
              595.0
            ]
          ]
        ]
      },
      "properties": {
        "easting_m": 550.0,
        "northing_m": 600.0,
        "predicted_subsidence_mm": 26.619,
        "estimation_variance_mm2": 37.4445,
        "estimation_std_mm": 6.119,
        "confidence_score": 0.45,
        "is_high_uncertainty": true
      }
    },
    {
      "type": "Feature",
      "geometry": {
        "type": "Polygon",
        "coordinates": [
          [
            [
              595.0,
              595.0
            ],
            [
              605.0,
              595.0
            ],
            [
              605.0,
              605.0
            ],
            [
              595.0,
              605.0
            ],
            [
              595.0,
              595.0
            ]
          ]
        ]
      },
      "properties": {
        "easting_m": 600.0,
        "northing_m": 600.0,
        "predicted_subsidence_mm": 22.096,
        "estimation_variance_mm2": 56.7014,
        "estimation_std_mm": 7.53,
        "confidence_score": 0.399,
        "is_high_uncertainty": true
      }
    },
    {
      "type": "Feature",
      "geometry": {
        "type": "Polygon",
        "coordinates": [
          [
            [
              645.0,
              595.0
            ],
            [
              655.0,
              595.0
            ],
            [
              655.0,
              605.0
            ],
            [
              645.0,
              605.0
            ],
            [
              645.0,
              595.0
            ]
          ]
        ]
      },
      "properties": {
        "easting_m": 650.0,
        "northing_m": 600.0,
        "predicted_subsidence_mm": 17.778,
        "estimation_variance_mm2": 84.1184,
        "estimation_std_mm": 9.172,
        "confidence_score": 0.353,
        "is_high_uncertainty": true
      }
    },
    {
      "type": "Feature",
      "geometry": {
        "type": "Polygon",
        "coordinates": [
          [
            [
              695.0,
              595.0
            ],
            [
              705.0,
              595.0
            ],
            [
              705.0,
              605.0
            ],
            [
              695.0,
              605.0
            ],
            [
              695.0,
              595.0
            ]
          ]
        ]
      },
      "properties": {
        "easting_m": 700.0,
        "northing_m": 600.0,
        "predicted_subsidence_mm": 13.685,
        "estimation_variance_mm2": 124.1271,
        "estimation_std_mm": 11.141,
        "confidence_score": 0.31,
        "is_high_uncertainty": true
      }
    },
    {
      "type": "Feature",
      "geometry": {
        "type": "Polygon",
        "coordinates": [
          [
            [
              745.0,
              595.0
            ],
            [
              755.0,
              595.0
            ],
            [
              755.0,
              605.0
            ],
            [
              745.0,
              605.0
            ],
            [
              745.0,
              595.0
            ]
          ]
        ]
      },
      "properties": {
        "easting_m": 750.0,
        "northing_m": 600.0,
        "predicted_subsidence_mm": 9.776,
        "estimation_variance_mm2": 179.0106,
        "estimation_std_mm": 13.379,
        "confidence_score": 0.272,
        "is_high_uncertainty": true
      }
    },
    {
      "type": "Feature",
      "geometry": {
        "type": "Polygon",
        "coordinates": [
          [
            [
              795.0,
              595.0
            ],
            [
              805.0,
              595.0
            ],
            [
              805.0,
              605.0
            ],
            [
              795.0,
              605.0
            ],
            [
              795.0,
              595.0
            ]
          ]
        ]
      },
      "properties": {
        "easting_m": 800.0,
        "northing_m": 600.0,
        "predicted_subsidence_mm": 6.009,
        "estimation_variance_mm2": 249.5479,
        "estimation_std_mm": 15.797,
        "confidence_score": 0.24,
        "is_high_uncertainty": true
      }
    },
    {
      "type": "Feature",
      "geometry": {
        "type": "Polygon",
        "coordinates": [
          [
            [
              845.0,
              595.0
            ],
            [
              855.0,
              595.0
            ],
            [
              855.0,
              605.0
            ],
            [
              845.0,
              605.0
            ],
            [
              845.0,
              595.0
            ]
          ]
        ]
      },
      "properties": {
        "easting_m": 850.0,
        "northing_m": 600.0,
        "predicted_subsidence_mm": 2.348,
        "estimation_variance_mm2": 335.979,
        "estimation_std_mm": 18.33,
        "confidence_score": 0.214,
        "is_high_uncertainty": true
      }
    },
    {
      "type": "Feature",
      "geometry": {
        "type": "Polygon",
        "coordinates": [
          [
            [
              895.0,
              595.0
            ],
            [
              905.0,
              595.0
            ],
            [
              905.0,
              605.0
            ],
            [
              895.0,
              605.0
            ],
            [
              895.0,
              595.0
            ]
          ]
        ]
      },
      "properties": {
        "easting_m": 900.0,
        "northing_m": 600.0,
        "predicted_subsidence_mm": -1.23,
        "estimation_variance_mm2": 438.4082,
        "estimation_std_mm": 20.938,
        "confidence_score": 0.193,
        "is_high_uncertainty": true
      }
    },
    {
      "type": "Feature",
      "geometry": {
        "type": "Polygon",
        "coordinates": [
          [
            [
              945.0,
              595.0
            ],
            [
              955.0,
              595.0
            ],
            [
              955.0,
              605.0
            ],
            [
              945.0,
              605.0
            ],
            [
              945.0,
              595.0
            ]
          ]
        ]
      },
      "properties": {
        "easting_m": 950.0,
        "northing_m": 600.0,
        "predicted_subsidence_mm": -4.744,
        "estimation_variance_mm2": 556.9191,
        "estimation_std_mm": 23.599,
        "confidence_score": 0.175,
        "is_high_uncertainty": true
      }
    },
    {
      "type": "Feature",
      "geometry": {
        "type": "Polygon",
        "coordinates": [
          [
            [
              995.0,
              595.0
            ],
            [
              1005.0,
              595.0
            ],
            [
              1005.0,
              605.0
            ],
            [
              995.0,
              605.0
            ],
            [
              995.0,
              595.0
            ]
          ]
        ]
      },
      "properties": {
        "easting_m": 1000.0,
        "northing_m": 600.0,
        "predicted_subsidence_mm": -8.207,
        "estimation_variance_mm2": 691.6006,
        "estimation_std_mm": 26.298,
        "confidence_score": 0.16,
        "is_high_uncertainty": true
      }
    },
    {
      "type": "Feature",
      "geometry": {
        "type": "Polygon",
        "coordinates": [
          [
            [
              -5.0,
              645.0
            ],
            [
              5.0,
              645.0
            ],
            [
              5.0,
              655.0
            ],
            [
              -5.0,
              655.0
            ],
            [
              -5.0,
              645.0
            ]
          ]
        ]
      },
      "properties": {
        "easting_m": 0.0,
        "northing_m": 650.0,
        "predicted_subsidence_mm": -0.454,
        "estimation_variance_mm2": 311.1447,
        "estimation_std_mm": 17.639,
        "confidence_score": 0.221,
        "is_high_uncertainty": true
      }
    },
    {
      "type": "Feature",
      "geometry": {
        "type": "Polygon",
        "coordinates": [
          [
            [
              45.0,
              645.0
            ],
            [
              55.0,
              645.0
            ],
            [
              55.0,
              655.0
            ],
            [
              45.0,
              655.0
            ],
            [
              45.0,
              645.0
            ]
          ]
        ]
      },
      "properties": {
        "easting_m": 50.0,
        "northing_m": 650.0,
        "predicted_subsidence_mm": 5.595,
        "estimation_variance_mm2": 209.4813,
        "estimation_std_mm": 14.473,
        "confidence_score": 0.257,
        "is_high_uncertainty": true
      }
    },
    {
      "type": "Feature",
      "geometry": {
        "type": "Polygon",
        "coordinates": [
          [
            [
              95.0,
              645.0
            ],
            [
              105.0,
              645.0
            ],
            [
              105.0,
              655.0
            ],
            [
              95.0,
              655.0
            ],
            [
              95.0,
              645.0
            ]
          ]
        ]
      },
      "properties": {
        "easting_m": 100.0,
        "northing_m": 650.0,
        "predicted_subsidence_mm": 11.679,
        "estimation_variance_mm2": 135.273,
        "estimation_std_mm": 11.631,
        "confidence_score": 0.301,
        "is_high_uncertainty": true
      }
    },
    {
      "type": "Feature",
      "geometry": {
        "type": "Polygon",
        "coordinates": [
          [
            [
              145.0,
              645.0
            ],
            [
              155.0,
              645.0
            ],
            [
              155.0,
              655.0
            ],
            [
              145.0,
              655.0
            ],
            [
              145.0,
              645.0
            ]
          ]
        ]
      },
      "properties": {
        "easting_m": 150.0,
        "northing_m": 650.0,
        "predicted_subsidence_mm": 17.77,
        "estimation_variance_mm2": 87.8566,
        "estimation_std_mm": 9.373,
        "confidence_score": 0.348,
        "is_high_uncertainty": true
      }
    },
    {
      "type": "Feature",
      "geometry": {
        "type": "Polygon",
        "coordinates": [
          [
            [
              195.0,
              645.0
            ],
            [
              205.0,
              645.0
            ],
            [
              205.0,
              655.0
            ],
            [
              195.0,
              655.0
            ],
            [
              195.0,
              645.0
            ]
          ]
        ]
      },
      "properties": {
        "easting_m": 200.0,
        "northing_m": 650.0,
        "predicted_subsidence_mm": 23.813,
        "estimation_variance_mm2": 66.4419,
        "estimation_std_mm": 8.151,
        "confidence_score": 0.38,
        "is_high_uncertainty": true
      }
    },
    {
      "type": "Feature",
      "geometry": {
        "type": "Polygon",
        "coordinates": [
          [
            [
              245.0,
              645.0
            ],
            [
              255.0,
              645.0
            ],
            [
              255.0,
              655.0
            ],
            [
              245.0,
              655.0
            ],
            [
              245.0,
              645.0
            ]
          ]
        ]
      },
      "properties": {
        "easting_m": 250.0,
        "northing_m": 650.0,
        "predicted_subsidence_mm": 25.494,
        "estimation_variance_mm2": 53.7219,
        "estimation_std_mm": 7.33,
        "confidence_score": 0.406,
        "is_high_uncertainty": true
      }
    },
    {
      "type": "Feature",
      "geometry": {
        "type": "Polygon",
        "coordinates": [
          [
            [
              295.0,
              645.0
            ],
            [
              305.0,
              645.0
            ],
            [
              305.0,
              655.0
            ],
            [
              295.0,
              655.0
            ],
            [
              295.0,
              645.0
            ]
          ]
        ]
      },
      "properties": {
        "easting_m": 300.0,
        "northing_m": 650.0,
        "predicted_subsidence_mm": 26.946,
        "estimation_variance_mm2": 42.049,
        "estimation_std_mm": 6.485,
        "confidence_score": 0.435,
        "is_high_uncertainty": true
      }
    },
    {
      "type": "Feature",
      "geometry": {
        "type": "Polygon",
        "coordinates": [
          [
            [
              345.0,
              645.0
            ],
            [
              355.0,
              645.0
            ],
            [
              355.0,
              655.0
            ],
            [
              345.0,
              655.0
            ],
            [
              345.0,
              645.0
            ]
          ]
        ]
      },
      "properties": {
        "easting_m": 350.0,
        "northing_m": 650.0,
        "predicted_subsidence_mm": 28.404,
        "estimation_variance_mm2": 33.8774,
        "estimation_std_mm": 5.82,
        "confidence_score": 0.462,
        "is_high_uncertainty": true
      }
    },
    {
      "type": "Feature",
      "geometry": {
        "type": "Polygon",
        "coordinates": [
          [
            [
              395.0,
              645.0
            ],
            [
              405.0,
              645.0
            ],
            [
              405.0,
              655.0
            ],
            [
              395.0,
              655.0
            ],
            [
              395.0,
              645.0
            ]
          ]
        ]
      },
      "properties": {
        "easting_m": 400.0,
        "northing_m": 650.0,
        "predicted_subsidence_mm": 30.687,
        "estimation_variance_mm2": 39.9879,
        "estimation_std_mm": 6.324,
        "confidence_score": 0.442,
        "is_high_uncertainty": true
      }
    },
    {
      "type": "Feature",
      "geometry": {
        "type": "Polygon",
        "coordinates": [
          [
            [
              445.0,
              645.0
            ],
            [
              455.0,
              645.0
            ],
            [
              455.0,
              655.0
            ],
            [
              445.0,
              655.0
            ],
            [
              445.0,
              645.0
            ]
          ]
        ]
      },
      "properties": {
        "easting_m": 450.0,
        "northing_m": 650.0,
        "predicted_subsidence_mm": 32.359,
        "estimation_variance_mm2": 45.976,
        "estimation_std_mm": 6.781,
        "confidence_score": 0.424,
        "is_high_uncertainty": true
      }
    },
    {
      "type": "Feature",
      "geometry": {
        "type": "Polygon",
        "coordinates": [
          [
            [
              495.0,
              645.0
            ],
            [
              505.0,
              645.0
            ],
            [
              505.0,
              655.0
            ],
            [
              495.0,
              655.0
            ],
            [
              495.0,
              645.0
            ]
          ]
        ]
      },
      "properties": {
        "easting_m": 500.0,
        "northing_m": 650.0,
        "predicted_subsidence_mm": 28.874,
        "estimation_variance_mm2": 32.4039,
        "estimation_std_mm": 5.692,
        "confidence_score": 0.468,
        "is_high_uncertainty": true
      }
    },
    {
      "type": "Feature",
      "geometry": {
        "type": "Polygon",
        "coordinates": [
          [
            [
              545.0,
              645.0
            ],
            [
              555.0,
              645.0
            ],
            [
              555.0,
              655.0
            ],
            [
              545.0,
              655.0
            ],
            [
              545.0,
              645.0
            ]
          ]
        ]
      },
      "properties": {
        "easting_m": 550.0,
        "northing_m": 650.0,
        "predicted_subsidence_mm": 24.849,
        "estimation_variance_mm2": 34.7873,
        "estimation_std_mm": 5.898,
        "confidence_score": 0.459,
        "is_high_uncertainty": true
      }
    },
    {
      "type": "Feature",
      "geometry": {
        "type": "Polygon",
        "coordinates": [
          [
            [
              595.0,
              645.0
            ],
            [
              605.0,
              645.0
            ],
            [
              605.0,
              655.0
            ],
            [
              595.0,
              655.0
            ],
            [
              595.0,
              645.0
            ]
          ]
        ]
      },
      "properties": {
        "easting_m": 600.0,
        "northing_m": 650.0,
        "predicted_subsidence_mm": 20.719,
        "estimation_variance_mm2": 47.2455,
        "estimation_std_mm": 6.874,
        "confidence_score": 0.421,
        "is_high_uncertainty": true
      }
    },
    {
      "type": "Feature",
      "geometry": {
        "type": "Polygon",
        "coordinates": [
          [
            [
              645.0,
              645.0
            ],
            [
              655.0,
              645.0
            ],
            [
              655.0,
              655.0
            ],
            [
              645.0,
              655.0
            ],
            [
              645.0,
              645.0
            ]
          ]
        ]
      },
      "properties": {
        "easting_m": 650.0,
        "northing_m": 650.0,
        "predicted_subsidence_mm": 16.743,
        "estimation_variance_mm2": 70.789,
        "estimation_std_mm": 8.414,
        "confidence_score": 0.373,
        "is_high_uncertainty": true
      }
    },
    {
      "type": "Feature",
      "geometry": {
        "type": "Polygon",
        "coordinates": [
          [
            [
              695.0,
              645.0
            ],
            [
              705.0,
              645.0
            ],
            [
              705.0,
              655.0
            ],
            [
              695.0,
              655.0
            ],
            [
              695.0,
              645.0
            ]
          ]
        ]
      },
      "properties": {
        "easting_m": 700.0,
        "northing_m": 650.0,
        "predicted_subsidence_mm": 12.94,
        "estimation_variance_mm2": 110.0361,
        "estimation_std_mm": 10.49,
        "confidence_score": 0.323,
        "is_high_uncertainty": true
      }
    },
    {
      "type": "Feature",
      "geometry": {
        "type": "Polygon",
        "coordinates": [
          [
            [
              745.0,
              645.0
            ],
            [
              755.0,
              645.0
            ],
            [
              755.0,
              655.0
            ],
            [
              745.0,
              655.0
            ],
            [
              745.0,
              645.0
            ]
          ]
        ]
      },
      "properties": {
        "easting_m": 750.0,
        "northing_m": 650.0,
        "predicted_subsidence_mm": 9.251,
        "estimation_variance_mm2": 165.6095,
        "estimation_std_mm": 12.869,
        "confidence_score": 0.28,
        "is_high_uncertainty": true
      }
    },
    {
      "type": "Feature",
      "geometry": {
        "type": "Polygon",
        "coordinates": [
          [
            [
              795.0,
              645.0
            ],
            [
              805.0,
              645.0
            ],
            [
              805.0,
              655.0
            ],
            [
              795.0,
              655.0
            ],
            [
              795.0,
              645.0
            ]
          ]
        ]
      },
      "properties": {
        "easting_m": 800.0,
        "northing_m": 650.0,
        "predicted_subsidence_mm": 5.641,
        "estimation_variance_mm2": 237.2162,
        "estimation_std_mm": 15.402,
        "confidence_score": 0.245,
        "is_high_uncertainty": true
      }
    },
    {
      "type": "Feature",
      "geometry": {
        "type": "Polygon",
        "coordinates": [
          [
            [
              845.0,
              645.0
            ],
            [
              855.0,
              645.0
            ],
            [
              855.0,
              655.0
            ],
            [
              845.0,
              655.0
            ],
            [
              845.0,
              645.0
            ]
          ]
        ]
      },
      "properties": {
        "easting_m": 850.0,
        "northing_m": 650.0,
        "predicted_subsidence_mm": 2.091,
        "estimation_variance_mm2": 324.7155,
        "estimation_std_mm": 18.02,
        "confidence_score": 0.217,
        "is_high_uncertainty": true
      }
    },
    {
      "type": "Feature",
      "geometry": {
        "type": "Polygon",
        "coordinates": [
          [
            [
              895.0,
              645.0
            ],
            [
              905.0,
              645.0
            ],
            [
              905.0,
              655.0
            ],
            [
              895.0,
              655.0
            ],
            [
              895.0,
              645.0
            ]
          ]
        ]
      },
      "properties": {
        "easting_m": 900.0,
        "northing_m": 650.0,
        "predicted_subsidence_mm": -1.409,
        "estimation_variance_mm2": 428.1179,
        "estimation_std_mm": 20.691,
        "confidence_score": 0.195,
        "is_high_uncertainty": true
      }
    },
    {
      "type": "Feature",
      "geometry": {
        "type": "Polygon",
        "coordinates": [
          [
            [
              945.0,
              645.0
            ],
            [
              955.0,
              645.0
            ],
            [
              955.0,
              655.0
            ],
            [
              945.0,
              655.0
            ],
            [
              945.0,
              645.0
            ]
          ]
        ]
      },
      "properties": {
        "easting_m": 950.0,
        "northing_m": 650.0,
        "predicted_subsidence_mm": -4.867,
        "estimation_variance_mm2": 547.5058,
        "estimation_std_mm": 23.399,
        "confidence_score": 0.176,
        "is_high_uncertainty": true
      }
    },
    {
      "type": "Feature",
      "geometry": {
        "type": "Polygon",
        "coordinates": [
          [
            [
              995.0,
              645.0
            ],
            [
              1005.0,
              645.0
            ],
            [
              1005.0,
              655.0
            ],
            [
              995.0,
              655.0
            ],
            [
              995.0,
              645.0
            ]
          ]
        ]
      },
      "properties": {
        "easting_m": 1000.0,
        "northing_m": 650.0,
        "predicted_subsidence_mm": -8.289,
        "estimation_variance_mm2": 682.9917,
        "estimation_std_mm": 26.134,
        "confidence_score": 0.161,
        "is_high_uncertainty": true
      }
    },
    {
      "type": "Feature",
      "geometry": {
        "type": "Polygon",
        "coordinates": [
          [
            [
              -5.0,
              695.0
            ],
            [
              5.0,
              695.0
            ],
            [
              5.0,
              705.0
            ],
            [
              -5.0,
              705.0
            ],
            [
              -5.0,
              695.0
            ]
          ]
        ]
      },
      "properties": {
        "easting_m": 0.0,
        "northing_m": 700.0,
        "predicted_subsidence_mm": -1.26,
        "estimation_variance_mm2": 333.9345,
        "estimation_std_mm": 18.274,
        "confidence_score": 0.215,
        "is_high_uncertainty": true
      }
    },
    {
      "type": "Feature",
      "geometry": {
        "type": "Polygon",
        "coordinates": [
          [
            [
              45.0,
              695.0
            ],
            [
              55.0,
              695.0
            ],
            [
              55.0,
              705.0
            ],
            [
              45.0,
              705.0
            ],
            [
              45.0,
              695.0
            ]
          ]
        ]
      },
      "properties": {
        "easting_m": 50.0,
        "northing_m": 700.0,
        "predicted_subsidence_mm": 4.492,
        "estimation_variance_mm2": 231.7801,
        "estimation_std_mm": 15.224,
        "confidence_score": 0.247,
        "is_high_uncertainty": true
      }
    },
    {
      "type": "Feature",
      "geometry": {
        "type": "Polygon",
        "coordinates": [
          [
            [
              95.0,
              695.0
            ],
            [
              105.0,
              695.0
            ],
            [
              105.0,
              705.0
            ],
            [
              95.0,
              705.0
            ],
            [
              95.0,
              695.0
            ]
          ]
        ]
      },
      "properties": {
        "easting_m": 100.0,
        "northing_m": 700.0,
        "predicted_subsidence_mm": 10.086,
        "estimation_variance_mm2": 156.7427,
        "estimation_std_mm": 12.52,
        "confidence_score": 0.285,
        "is_high_uncertainty": true
      }
    },
    {
      "type": "Feature",
      "geometry": {
        "type": "Polygon",
        "coordinates": [
          [
            [
              145.0,
              695.0
            ],
            [
              155.0,
              695.0
            ],
            [
              155.0,
              705.0
            ],
            [
              145.0,
              705.0
            ],
            [
              145.0,
              695.0
            ]
          ]
        ]
      },
      "properties": {
        "easting_m": 150.0,
        "northing_m": 700.0,
        "predicted_subsidence_mm": 15.186,
        "estimation_variance_mm2": 107.5203,
        "estimation_std_mm": 10.369,
        "confidence_score": 0.325,
        "is_high_uncertainty": true
      }
    },
    {
      "type": "Feature",
      "geometry": {
        "type": "Polygon",
        "coordinates": [
          [
            [
              195.0,
              695.0
            ],
            [
              205.0,
              695.0
            ],
            [
              205.0,
              705.0
            ],
            [
              195.0,
              705.0
            ],
            [
              195.0,
              695.0
            ]
          ]
        ]
      },
      "properties": {
        "easting_m": 200.0,
        "northing_m": 700.0,
        "predicted_subsidence_mm": 18.451,
        "estimation_variance_mm2": 80.497,
        "estimation_std_mm": 8.972,
        "confidence_score": 0.358,
        "is_high_uncertainty": true
      }
    },
    {
      "type": "Feature",
      "geometry": {
        "type": "Polygon",
        "coordinates": [
          [
            [
              245.0,
              695.0
            ],
            [
              255.0,
              695.0
            ],
            [
              255.0,
              705.0
            ],
            [
              245.0,
              705.0
            ],
            [
              245.0,
              695.0
            ]
          ]
        ]
      },
      "properties": {
        "easting_m": 250.0,
        "northing_m": 700.0,
        "predicted_subsidence_mm": 19.763,
        "estimation_variance_mm2": 62.6865,
        "estimation_std_mm": 7.917,
        "confidence_score": 0.387,
        "is_high_uncertainty": true
      }
    },
    {
      "type": "Feature",
      "geometry": {
        "type": "Polygon",
        "coordinates": [
          [
            [
              295.0,
              695.0
            ],
            [
              305.0,
              695.0
            ],
            [
              305.0,
              705.0
            ],
            [
              295.0,
              705.0
            ],
            [
              295.0,
              695.0
            ]
          ]
        ]
      },
      "properties": {
        "easting_m": 300.0,
        "northing_m": 700.0,
        "predicted_subsidence_mm": 20.769,
        "estimation_variance_mm2": 45.304,
        "estimation_std_mm": 6.731,
        "confidence_score": 0.426,
        "is_high_uncertainty": true
      }
    },
    {
      "type": "Feature",
      "geometry": {
        "type": "Polygon",
        "coordinates": [
          [
            [
              345.0,
              695.0
            ],
            [
              355.0,
              695.0
            ],
            [
              355.0,
              705.0
            ],
            [
              345.0,
              705.0
            ],
            [
              345.0,
              695.0
            ]
          ]
        ]
      },
      "properties": {
        "easting_m": 350.0,
        "northing_m": 700.0,
        "predicted_subsidence_mm": 21.682,
        "estimation_variance_mm2": 31.0816,
        "estimation_std_mm": 5.575,
        "confidence_score": 0.473,
        "is_high_uncertainty": true
      }
    },
    {
      "type": "Feature",
      "geometry": {
        "type": "Polygon",
        "coordinates": [
          [
            [
              395.0,
              695.0
            ],
            [
              405.0,
              695.0
            ],
            [
              405.0,
              705.0
            ],
            [
              395.0,
              705.0
            ],
            [
              395.0,
              695.0
            ]
          ]
        ]
      },
      "properties": {
        "easting_m": 400.0,
        "northing_m": 700.0,
        "predicted_subsidence_mm": 23.869,
        "estimation_variance_mm2": 36.946,
        "estimation_std_mm": 6.078,
        "confidence_score": 0.451,
        "is_high_uncertainty": true
      }
    },
    {
      "type": "Feature",
      "geometry": {
        "type": "Polygon",
        "coordinates": [
          [
            [
              445.0,
              695.0
            ],
            [
              455.0,
              695.0
            ],
            [
              455.0,
              705.0
            ],
            [
              445.0,
              705.0
            ],
            [
              445.0,
              695.0
            ]
          ]
        ]
      },
      "properties": {
        "easting_m": 450.0,
        "northing_m": 700.0,
        "predicted_subsidence_mm": 25.643,
        "estimation_variance_mm2": 41.842,
        "estimation_std_mm": 6.469,
        "confidence_score": 0.436,
        "is_high_uncertainty": true
      }
    },
    {
      "type": "Feature",
      "geometry": {
        "type": "Polygon",
        "coordinates": [
          [
            [
              495.0,
              695.0
            ],
            [
              505.0,
              695.0
            ],
            [
              505.0,
              705.0
            ],
            [
              495.0,
              705.0
            ],
            [
              495.0,
              695.0
            ]
          ]
        ]
      },
      "properties": {
        "easting_m": 500.0,
        "northing_m": 700.0,
        "predicted_subsidence_mm": 24.928,
        "estimation_variance_mm2": 40.2886,
        "estimation_std_mm": 6.347,
        "confidence_score": 0.441,
        "is_high_uncertainty": true
      }
    },
    {
      "type": "Feature",
      "geometry": {
        "type": "Polygon",
        "coordinates": [
          [
            [
              545.0,
              695.0
            ],
            [
              555.0,
              695.0
            ],
            [
              555.0,
              705.0
            ],
            [
              545.0,
              705.0
            ],
            [
              545.0,
              695.0
            ]
          ]
        ]
      },
      "properties": {
        "easting_m": 550.0,
        "northing_m": 700.0,
        "predicted_subsidence_mm": 21.959,
        "estimation_variance_mm2": 36.2205,
        "estimation_std_mm": 6.018,
        "confidence_score": 0.454,
        "is_high_uncertainty": true
      }
    },
    {
      "type": "Feature",
      "geometry": {
        "type": "Polygon",
        "coordinates": [
          [
            [
              595.0,
              695.0
            ],
            [
              605.0,
              695.0
            ],
            [
              605.0,
              705.0
            ],
            [
              595.0,
              705.0
            ],
            [
              595.0,
              695.0
            ]
          ]
        ]
      },
      "properties": {
        "easting_m": 600.0,
        "northing_m": 700.0,
        "predicted_subsidence_mm": 18.411,
        "estimation_variance_mm2": 38.0272,
        "estimation_std_mm": 6.167,
        "confidence_score": 0.448,
        "is_high_uncertainty": true
      }
    },
    {
      "type": "Feature",
      "geometry": {
        "type": "Polygon",
        "coordinates": [
          [
            [
              645.0,
              695.0
            ],
            [
              655.0,
              695.0
            ],
            [
              655.0,
              705.0
            ],
            [
              645.0,
              705.0
            ],
            [
              645.0,
              695.0
            ]
          ]
        ]
      },
      "properties": {
        "easting_m": 650.0,
        "northing_m": 700.0,
        "predicted_subsidence_mm": 14.995,
        "estimation_variance_mm2": 59.3384,
        "estimation_std_mm": 7.703,
        "confidence_score": 0.394,
        "is_high_uncertainty": true
      }
    },
    {
      "type": "Feature",
      "geometry": {
        "type": "Polygon",
        "coordinates": [
          [
            [
              695.0,
              695.0
            ],
            [
              705.0,
              695.0
            ],
            [
              705.0,
              705.0
            ],
            [
              695.0,
              705.0
            ],
            [
              695.0,
              695.0
            ]
          ]
        ]
      },
      "properties": {
        "easting_m": 700.0,
        "northing_m": 700.0,
        "predicted_subsidence_mm": 11.645,
        "estimation_variance_mm2": 100.7391,
        "estimation_std_mm": 10.037,
        "confidence_score": 0.333,
        "is_high_uncertainty": true
      }
    },
    {
      "type": "Feature",
      "geometry": {
        "type": "Polygon",
        "coordinates": [
          [
            [
              745.0,
              695.0
            ],
            [
              755.0,
              695.0
            ],
            [
              755.0,
              705.0
            ],
            [
              745.0,
              705.0
            ],
            [
              745.0,
              695.0
            ]
          ]
        ]
      },
      "properties": {
        "easting_m": 750.0,
        "northing_m": 700.0,
        "predicted_subsidence_mm": 8.272,
        "estimation_variance_mm2": 158.5406,
        "estimation_std_mm": 12.591,
        "confidence_score": 0.284,
        "is_high_uncertainty": true
      }
    },
    {
      "type": "Feature",
      "geometry": {
        "type": "Polygon",
        "coordinates": [
          [
            [
              795.0,
              695.0
            ],
            [
              805.0,
              695.0
            ],
            [
              805.0,
              705.0
            ],
            [
              795.0,
              705.0
            ],
            [
              795.0,
              695.0
            ]
          ]
        ]
      },
      "properties": {
        "easting_m": 800.0,
        "northing_m": 700.0,
        "predicted_subsidence_mm": 4.883,
        "estimation_variance_mm2": 231.917,
        "estimation_std_mm": 15.229,
        "confidence_score": 0.247,
        "is_high_uncertainty": true
      }
    },
    {
      "type": "Feature",
      "geometry": {
        "type": "Polygon",
        "coordinates": [
          [
            [
              845.0,
              695.0
            ],
            [
              855.0,
              695.0
            ],
            [
              855.0,
              705.0
            ],
            [
              845.0,
              705.0
            ],
            [
              845.0,
              695.0
            ]
          ]
        ]
      },
      "properties": {
        "easting_m": 850.0,
        "northing_m": 700.0,
        "predicted_subsidence_mm": 1.492,
        "estimation_variance_mm2": 320.8132,
        "estimation_std_mm": 17.911,
        "confidence_score": 0.218,
        "is_high_uncertainty": true
      }
    },
    {
      "type": "Feature",
      "geometry": {
        "type": "Polygon",
        "coordinates": [
          [
            [
              895.0,
              695.0
            ],
            [
              905.0,
              695.0
            ],
            [
              905.0,
              705.0
            ],
            [
              895.0,
              705.0
            ],
            [
              895.0,
              695.0
            ]
          ]
        ]
      },
      "properties": {
        "easting_m": 900.0,
        "northing_m": 700.0,
        "predicted_subsidence_mm": -1.891,
        "estimation_variance_mm2": 425.3541,
        "estimation_std_mm": 20.624,
        "confidence_score": 0.195,
        "is_high_uncertainty": true
      }
    },
    {
      "type": "Feature",
      "geometry": {
        "type": "Polygon",
        "coordinates": [
          [
            [
              945.0,
              695.0
            ],
            [
              955.0,
              695.0
            ],
            [
              955.0,
              705.0
            ],
            [
              945.0,
              705.0
            ],
            [
              945.0,
              695.0
            ]
          ]
        ]
      },
      "properties": {
        "easting_m": 950.0,
        "northing_m": 700.0,
        "predicted_subsidence_mm": -5.262,
        "estimation_variance_mm2": 545.7073,
        "estimation_std_mm": 23.36,
        "confidence_score": 0.176,
        "is_high_uncertainty": true
      }
    },
    {
      "type": "Feature",
      "geometry": {
        "type": "Polygon",
        "coordinates": [
          [
            [
              995.0,
              695.0
            ],
            [
              1005.0,
              695.0
            ],
            [
              1005.0,
              705.0
            ],
            [
              995.0,
              705.0
            ],
            [
              995.0,
              695.0
            ]
          ]
        ]
      },
      "properties": {
        "easting_m": 1000.0,
        "northing_m": 700.0,
        "predicted_subsidence_mm": -8.618,
        "estimation_variance_mm2": 682.046,
        "estimation_std_mm": 26.116,
        "confidence_score": 0.161,
        "is_high_uncertainty": true
      }
    },
    {
      "type": "Feature",
      "geometry": {
        "type": "Polygon",
        "coordinates": [
          [
            [
              -5.0,
              745.0
            ],
            [
              5.0,
              745.0
            ],
            [
              5.0,
              755.0
            ],
            [
              -5.0,
              755.0
            ],
            [
              -5.0,
              745.0
            ]
          ]
        ]
      },
      "properties": {
        "easting_m": 0.0,
        "northing_m": 750.0,
        "predicted_subsidence_mm": -3.076,
        "estimation_variance_mm2": 374.4518,
        "estimation_std_mm": 19.351,
        "confidence_score": 0.205,
        "is_high_uncertainty": true
      }
    },
    {
      "type": "Feature",
      "geometry": {
        "type": "Polygon",
        "coordinates": [
          [
            [
              45.0,
              745.0
            ],
            [
              55.0,
              745.0
            ],
            [
              55.0,
              755.0
            ],
            [
              45.0,
              755.0
            ],
            [
              45.0,
              745.0
            ]
          ]
        ]
      },
      "properties": {
        "easting_m": 50.0,
        "northing_m": 750.0,
        "predicted_subsidence_mm": 2.164,
        "estimation_variance_mm2": 271.2676,
        "estimation_std_mm": 16.47,
        "confidence_score": 0.233,
        "is_high_uncertainty": true
      }
    },
    {
      "type": "Feature",
      "geometry": {
        "type": "Polygon",
        "coordinates": [
          [
            [
              95.0,
              745.0
            ],
            [
              105.0,
              745.0
            ],
            [
              105.0,
              755.0
            ],
            [
              95.0,
              755.0
            ],
            [
              95.0,
              745.0
            ]
          ]
        ]
      },
      "properties": {
        "easting_m": 100.0,
        "northing_m": 750.0,
        "predicted_subsidence_mm": 6.986,
        "estimation_variance_mm2": 194.5579,
        "estimation_std_mm": 13.948,
        "confidence_score": 0.264,
        "is_high_uncertainty": true
      }
    },
    {
      "type": "Feature",
      "geometry": {
        "type": "Polygon",
        "coordinates": [
          [
            [
              145.0,
              745.0
            ],
            [
              155.0,
              745.0
            ],
            [
              155.0,
              755.0
            ],
            [
              145.0,
              755.0
            ],
            [
              145.0,
              745.0
            ]
          ]
        ]
      },
      "properties": {
        "easting_m": 150.0,
        "northing_m": 750.0,
        "predicted_subsidence_mm": 10.954,
        "estimation_variance_mm2": 142.438,
        "estimation_std_mm": 11.935,
        "confidence_score": 0.295,
        "is_high_uncertainty": true
      }
    },
    {
      "type": "Feature",
      "geometry": {
        "type": "Polygon",
        "coordinates": [
          [
            [
              195.0,
              745.0
            ],
            [
              205.0,
              745.0
            ],
            [
              205.0,
              755.0
            ],
            [
              195.0,
              755.0
            ],
            [
              195.0,
              745.0
            ]
          ]
        ]
      },
      "properties": {
        "easting_m": 200.0,
        "northing_m": 750.0,
        "predicted_subsidence_mm": 13.297,
        "estimation_variance_mm2": 111.3416,
        "estimation_std_mm": 10.552,
        "confidence_score": 0.322,
        "is_high_uncertainty": true
      }
    },
    {
      "type": "Feature",
      "geometry": {
        "type": "Polygon",
        "coordinates": [
          [
            [
              245.0,
              745.0
            ],
            [
              255.0,
              745.0
            ],
            [
              255.0,
              755.0
            ],
            [
              245.0,
              755.0
            ],
            [
              245.0,
              745.0
            ]
          ]
        ]
      },
      "properties": {
        "easting_m": 250.0,
        "northing_m": 750.0,
        "predicted_subsidence_mm": 14.486,
        "estimation_variance_mm2": 90.2057,
        "estimation_std_mm": 9.498,
        "confidence_score": 0.345,
        "is_high_uncertainty": true
      }
    },
    {
      "type": "Feature",
      "geometry": {
        "type": "Polygon",
        "coordinates": [
          [
            [
              295.0,
              745.0
            ],
            [
              305.0,
              745.0
            ],
            [
              305.0,
              755.0
            ],
            [
              295.0,
              755.0
            ],
            [
              295.0,
              745.0
            ]
          ]
        ]
      },
      "properties": {
        "easting_m": 300.0,
        "northing_m": 750.0,
        "predicted_subsidence_mm": 15.545,
        "estimation_variance_mm2": 71.5507,
        "estimation_std_mm": 8.459,
        "confidence_score": 0.372,
        "is_high_uncertainty": true
      }
    },
    {
      "type": "Feature",
      "geometry": {
        "type": "Polygon",
        "coordinates": [
          [
            [
              345.0,
              745.0
            ],
            [
              355.0,
              745.0
            ],
            [
              355.0,
              755.0
            ],
            [
              345.0,
              755.0
            ],
            [
              345.0,
              745.0
            ]
          ]
        ]
      },
      "properties": {
        "easting_m": 350.0,
        "northing_m": 750.0,
        "predicted_subsidence_mm": 16.719,
        "estimation_variance_mm2": 58.2308,
        "estimation_std_mm": 7.631,
        "confidence_score": 0.396,
        "is_high_uncertainty": true
      }
    },
    {
      "type": "Feature",
      "geometry": {
        "type": "Polygon",
        "coordinates": [
          [
            [
              395.0,
              745.0
            ],
            [
              405.0,
              745.0
            ],
            [
              405.0,
              755.0
            ],
            [
              395.0,
              755.0
            ],
            [
              395.0,
              745.0
            ]
          ]
        ]
      },
      "properties": {
        "easting_m": 400.0,
        "northing_m": 750.0,
        "predicted_subsidence_mm": 18.243,
        "estimation_variance_mm2": 52.6317,
        "estimation_std_mm": 7.255,
        "confidence_score": 0.408,
        "is_high_uncertainty": true
      }
    },
    {
      "type": "Feature",
      "geometry": {
        "type": "Polygon",
        "coordinates": [
          [
            [
              445.0,
              745.0
            ],
            [
              455.0,
              745.0
            ],
            [
              455.0,
              755.0
            ],
            [
              445.0,
              755.0
            ],
            [
              445.0,
              745.0
            ]
          ]
        ]
      },
      "properties": {
        "easting_m": 450.0,
        "northing_m": 750.0,
        "predicted_subsidence_mm": 19.701,
        "estimation_variance_mm2": 49.3375,
        "estimation_std_mm": 7.024,
        "confidence_score": 0.416,
        "is_high_uncertainty": true
      }
    },
    {
      "type": "Feature",
      "geometry": {
        "type": "Polygon",
        "coordinates": [
          [
            [
              495.0,
              745.0
            ],
            [
              505.0,
              745.0
            ],
            [
              505.0,
              755.0
            ],
            [
              495.0,
              755.0
            ],
            [
              495.0,
              745.0
            ]
          ]
        ]
      },
      "properties": {
        "easting_m": 500.0,
        "northing_m": 750.0,
        "predicted_subsidence_mm": 19.75,
        "estimation_variance_mm2": 45.1369,
        "estimation_std_mm": 6.718,
        "confidence_score": 0.427,
        "is_high_uncertainty": true
      }
    },
    {
      "type": "Feature",
      "geometry": {
        "type": "Polygon",
        "coordinates": [
          [
            [
              545.0,
              745.0
            ],
            [
              555.0,
              745.0
            ],
            [
              555.0,
              755.0
            ],
            [
              545.0,
              755.0
            ],
            [
              545.0,
              745.0
            ]
          ]
        ]
      },
      "properties": {
        "easting_m": 550.0,
        "northing_m": 750.0,
        "predicted_subsidence_mm": 17.858,
        "estimation_variance_mm2": 37.2826,
        "estimation_std_mm": 6.106,
        "confidence_score": 0.45,
        "is_high_uncertainty": true
      }
    },
    {
      "type": "Feature",
      "geometry": {
        "type": "Polygon",
        "coordinates": [
          [
            [
              595.0,
              745.0
            ],
            [
              605.0,
              745.0
            ],
            [
              605.0,
              755.0
            ],
            [
              595.0,
              755.0
            ],
            [
              595.0,
              745.0
            ]
          ]
        ]
      },
      "properties": {
        "easting_m": 600.0,
        "northing_m": 750.0,
        "predicted_subsidence_mm": 14.842,
        "estimation_variance_mm2": 24.0767,
        "estimation_std_mm": 4.907,
        "confidence_score": 0.505,
        "is_high_uncertainty": false
      }
    },
    {
      "type": "Feature",
      "geometry": {
        "type": "Polygon",
        "coordinates": [
          [
            [
              645.0,
              745.0
            ],
            [
              655.0,
              745.0
            ],
            [
              655.0,
              755.0
            ],
            [
              645.0,
              755.0
            ],
            [
              645.0,
              745.0
            ]
          ]
        ]
      },
      "properties": {
        "easting_m": 650.0,
        "northing_m": 750.0,
        "predicted_subsidence_mm": 12.402,
        "estimation_variance_mm2": 57.021,
        "estimation_std_mm": 7.551,
        "confidence_score": 0.398,
        "is_high_uncertainty": true
      }
    },
    {
      "type": "Feature",
      "geometry": {
        "type": "Polygon",
        "coordinates": [
          [
            [
              695.0,
              745.0
            ],
            [
              705.0,
              745.0
            ],
            [
              705.0,
              755.0
            ],
            [
              695.0,
              755.0
            ],
            [
              695.0,
              745.0
            ]
          ]
        ]
      },
      "properties": {
        "easting_m": 700.0,
        "northing_m": 750.0,
        "predicted_subsidence_mm": 9.616,
        "estimation_variance_mm2": 103.4066,
        "estimation_std_mm": 10.169,
        "confidence_score": 0.33,
        "is_high_uncertainty": true
      }
    },
    {
      "type": "Feature",
      "geometry": {
        "type": "Polygon",
        "coordinates": [
          [
            [
              745.0,
              745.0
            ],
            [
              755.0,
              745.0
            ],
            [
              755.0,
              755.0
            ],
            [
              745.0,
              755.0
            ],
            [
              745.0,
              745.0
            ]
          ]
        ]
      },
      "properties": {
        "easting_m": 750.0,
        "northing_m": 750.0,
        "predicted_subsidence_mm": 6.629,
        "estimation_variance_mm2": 164.0075,
        "estimation_std_mm": 12.807,
        "confidence_score": 0.281,
        "is_high_uncertainty": true
      }
    },
    {
      "type": "Feature",
      "geometry": {
        "type": "Polygon",
        "coordinates": [
          [
            [
              795.0,
              745.0
            ],
            [
              805.0,
              745.0
            ],
            [
              805.0,
              755.0
            ],
            [
              795.0,
              755.0
            ],
            [
              795.0,
              745.0
            ]
          ]
        ]
      },
      "properties": {
        "easting_m": 800.0,
        "northing_m": 750.0,
        "predicted_subsidence_mm": 3.522,
        "estimation_variance_mm2": 239.3074,
        "estimation_std_mm": 15.47,
        "confidence_score": 0.244,
        "is_high_uncertainty": true
      }
    },
    {
      "type": "Feature",
      "geometry": {
        "type": "Polygon",
        "coordinates": [
          [
            [
              845.0,
              745.0
            ],
            [
              855.0,
              745.0
            ],
            [
              855.0,
              755.0
            ],
            [
              845.0,
              755.0
            ],
            [
              845.0,
              745.0
            ]
          ]
        ]
      },
      "properties": {
        "easting_m": 850.0,
        "northing_m": 750.0,
        "predicted_subsidence_mm": 0.346,
        "estimation_variance_mm2": 329.6757,
        "estimation_std_mm": 18.157,
        "confidence_score": 0.216,
        "is_high_uncertainty": true
      }
    },
    {
      "type": "Feature",
      "geometry": {
        "type": "Polygon",
        "coordinates": [
          [
            [
              895.0,
              745.0
            ],
            [
              905.0,
              745.0
            ],
            [
              905.0,
              755.0
            ],
            [
              895.0,
              755.0
            ],
            [
              895.0,
              745.0
            ]
          ]
        ]
      },
      "properties": {
        "easting_m": 900.0,
        "northing_m": 750.0,
        "predicted_subsidence_mm": -2.872,
        "estimation_variance_mm2": 435.4192,
        "estimation_std_mm": 20.867,
        "confidence_score": 0.193,
        "is_high_uncertainty": true
      }
    },
    {
      "type": "Feature",
      "geometry": {
        "type": "Polygon",
        "coordinates": [
          [
            [
              945.0,
              745.0
            ],
            [
              955.0,
              745.0
            ],
            [
              955.0,
              755.0
            ],
            [
              945.0,
              755.0
            ],
            [
              945.0,
              745.0
            ]
          ]
        ]
      },
      "properties": {
        "easting_m": 950.0,
        "northing_m": 750.0,
        "predicted_subsidence_mm": -6.112,
        "estimation_variance_mm2": 556.8021,
        "estimation_std_mm": 23.597,
        "confidence_score": 0.175,
        "is_high_uncertainty": true
      }
    },
    {
      "type": "Feature",
      "geometry": {
        "type": "Polygon",
        "coordinates": [
          [
            [
              995.0,
              745.0
            ],
            [
              1005.0,
              745.0
            ],
            [
              1005.0,
              755.0
            ],
            [
              995.0,
              755.0
            ],
            [
              995.0,
              745.0
            ]
          ]
        ]
      },
      "properties": {
        "easting_m": 1000.0,
        "northing_m": 750.0,
        "predicted_subsidence_mm": -9.364,
        "estimation_variance_mm2": 694.0572,
        "estimation_std_mm": 26.345,
        "confidence_score": 0.16,
        "is_high_uncertainty": true
      }
    },
    {
      "type": "Feature",
      "geometry": {
        "type": "Polygon",
        "coordinates": [
          [
            [
              -5.0,
              795.0
            ],
            [
              5.0,
              795.0
            ],
            [
              5.0,
              805.0
            ],
            [
              -5.0,
              805.0
            ],
            [
              -5.0,
              795.0
            ]
          ]
        ]
      },
      "properties": {
        "easting_m": 0.0,
        "northing_m": 800.0,
        "predicted_subsidence_mm": -5.669,
        "estimation_variance_mm2": 432.0464,
        "estimation_std_mm": 20.786,
        "confidence_score": 0.194,
        "is_high_uncertainty": true
      }
    },
    {
      "type": "Feature",
      "geometry": {
        "type": "Polygon",
        "coordinates": [
          [
            [
              45.0,
              795.0
            ],
            [
              55.0,
              795.0
            ],
            [
              55.0,
              805.0
            ],
            [
              45.0,
              805.0
            ],
            [
              45.0,
              795.0
            ]
          ]
        ]
      },
      "properties": {
        "easting_m": 50.0,
        "northing_m": 800.0,
        "predicted_subsidence_mm": -0.98,
        "estimation_variance_mm2": 327.2435,
        "estimation_std_mm": 18.09,
        "confidence_score": 0.217,
        "is_high_uncertainty": true
      }
    },
    {
      "type": "Feature",
      "geometry": {
        "type": "Polygon",
        "coordinates": [
          [
            [
              95.0,
              795.0
            ],
            [
              105.0,
              795.0
            ],
            [
              105.0,
              805.0
            ],
            [
              95.0,
              805.0
            ],
            [
              95.0,
              795.0
            ]
          ]
        ]
      },
      "properties": {
        "easting_m": 100.0,
        "northing_m": 800.0,
        "predicted_subsidence_mm": 3.151,
        "estimation_variance_mm2": 248.1852,
        "estimation_std_mm": 15.754,
        "confidence_score": 0.241,
        "is_high_uncertainty": true
      }
    },
    {
      "type": "Feature",
      "geometry": {
        "type": "Polygon",
        "coordinates": [
          [
            [
              145.0,
              795.0
            ],
            [
              155.0,
              795.0
            ],
            [
              155.0,
              805.0
            ],
            [
              145.0,
              805.0
            ],
            [
              145.0,
              795.0
            ]
          ]
        ]
      },
      "properties": {
        "easting_m": 150.0,
        "northing_m": 800.0,
        "predicted_subsidence_mm": 6.389,
        "estimation_variance_mm2": 192.8041,
        "estimation_std_mm": 13.885,
        "confidence_score": 0.265,
        "is_high_uncertainty": true
      }
    },
    {
      "type": "Feature",
      "geometry": {
        "type": "Polygon",
        "coordinates": [
          [
            [
              195.0,
              795.0
            ],
            [
              205.0,
              795.0
            ],
            [
              205.0,
              805.0
            ],
            [
              195.0,
              805.0
            ],
            [
              195.0,
              795.0
            ]
          ]
        ]
      },
      "properties": {
        "easting_m": 200.0,
        "northing_m": 800.0,
        "predicted_subsidence_mm": 8.346,
        "estimation_variance_mm2": 158.0289,
        "estimation_std_mm": 12.571,
        "confidence_score": 0.285,
        "is_high_uncertainty": true
      }
    },
    {
      "type": "Feature",
      "geometry": {
        "type": "Polygon",
        "coordinates": [
          [
            [
              245.0,
              795.0
            ],
            [
              255.0,
              795.0
            ],
            [
              255.0,
              805.0
            ],
            [
              245.0,
              805.0
            ],
            [
              245.0,
              795.0
            ]
          ]
        ]
      },
      "properties": {
        "easting_m": 250.0,
        "northing_m": 800.0,
        "predicted_subsidence_mm": 9.52,
        "estimation_variance_mm2": 133.7449,
        "estimation_std_mm": 11.565,
        "confidence_score": 0.302,
        "is_high_uncertainty": true
      }
    },
    {
      "type": "Feature",
      "geometry": {
        "type": "Polygon",
        "coordinates": [
          [
            [
              295.0,
              795.0
            ],
            [
              305.0,
              795.0
            ],
            [
              305.0,
              805.0
            ],
            [
              295.0,
              805.0
            ],
            [
              295.0,
              795.0
            ]
          ]
        ]
      },
      "properties": {
        "easting_m": 300.0,
        "northing_m": 800.0,
        "predicted_subsidence_mm": 10.646,
        "estimation_variance_mm2": 112.5141,
        "estimation_std_mm": 10.607,
        "confidence_score": 0.32,
        "is_high_uncertainty": true
      }
    },
    {
      "type": "Feature",
      "geometry": {
        "type": "Polygon",
        "coordinates": [
          [
            [
              345.0,
              795.0
            ],
            [
              355.0,
              795.0
            ],
            [
              355.0,
              805.0
            ],
            [
              345.0,
              805.0
            ],
            [
              345.0,
              795.0
            ]
          ]
        ]
      },
      "properties": {
        "easting_m": 350.0,
        "northing_m": 800.0,
        "predicted_subsidence_mm": 11.828,
        "estimation_variance_mm2": 95.1774,
        "estimation_std_mm": 9.756,
        "confidence_score": 0.339,
        "is_high_uncertainty": true
      }
    },
    {
      "type": "Feature",
      "geometry": {
        "type": "Polygon",
        "coordinates": [
          [
            [
              395.0,
              795.0
            ],
            [
              405.0,
              795.0
            ],
            [
              405.0,
              805.0
            ],
            [
              395.0,
              805.0
            ],
            [
              395.0,
              795.0
            ]
          ]
        ]
      },
      "properties": {
        "easting_m": 400.0,
        "northing_m": 800.0,
        "predicted_subsidence_mm": 13.108,
        "estimation_variance_mm2": 81.6717,
        "estimation_std_mm": 9.037,
        "confidence_score": 0.356,
        "is_high_uncertainty": true
      }
    },
    {
      "type": "Feature",
      "geometry": {
        "type": "Polygon",
        "coordinates": [
          [
            [
              445.0,
              795.0
            ],
            [
              455.0,
              795.0
            ],
            [
              455.0,
              805.0
            ],
            [
              445.0,
              805.0
            ],
            [
              445.0,
              795.0
            ]
          ]
        ]
      },
      "properties": {
        "easting_m": 450.0,
        "northing_m": 800.0,
        "predicted_subsidence_mm": 14.341,
        "estimation_variance_mm2": 69.9833,
        "estimation_std_mm": 8.366,
        "confidence_score": 0.374,
        "is_high_uncertainty": true
      }
    },
    {
      "type": "Feature",
      "geometry": {
        "type": "Polygon",
        "coordinates": [
          [
            [
              495.0,
              795.0
            ],
            [
              505.0,
              795.0
            ],
            [
              505.0,
              805.0
            ],
            [
              495.0,
              805.0
            ],
            [
              495.0,
              795.0
            ]
          ]
        ]
      },
      "properties": {
        "easting_m": 500.0,
        "northing_m": 800.0,
        "predicted_subsidence_mm": 14.679,
        "estimation_variance_mm2": 60.6119,
        "estimation_std_mm": 7.785,
        "confidence_score": 0.391,
        "is_high_uncertainty": true
      }
    },
    {
      "type": "Feature",
      "geometry": {
        "type": "Polygon",
        "coordinates": [
          [
            [
              545.0,
              795.0
            ],
            [
              555.0,
              795.0
            ],
            [
              555.0,
              805.0
            ],
            [
              545.0,
              805.0
            ],
            [
              545.0,
              795.0
            ]
          ]
        ]
      },
      "properties": {
        "easting_m": 550.0,
        "northing_m": 800.0,
        "predicted_subsidence_mm": 13.596,
        "estimation_variance_mm2": 53.3121,
        "estimation_std_mm": 7.302,
        "confidence_score": 0.406,
        "is_high_uncertainty": true
      }
    },
    {
      "type": "Feature",
      "geometry": {
        "type": "Polygon",
        "coordinates": [
          [
            [
              595.0,
              795.0
            ],
            [
              605.0,
              795.0
            ],
            [
              605.0,
              805.0
            ],
            [
              595.0,
              805.0
            ],
            [
              595.0,
              795.0
            ]
          ]
        ]
      },
      "properties": {
        "easting_m": 600.0,
        "northing_m": 800.0,
        "predicted_subsidence_mm": 11.663,
        "estimation_variance_mm2": 53.6611,
        "estimation_std_mm": 7.325,
        "confidence_score": 0.406,
        "is_high_uncertainty": true
      }
    },
    {
      "type": "Feature",
      "geometry": {
        "type": "Polygon",
        "coordinates": [
          [
            [
              645.0,
              795.0
            ],
            [
              655.0,
              795.0
            ],
            [
              655.0,
              805.0
            ],
            [
              645.0,
              805.0
            ],
            [
              645.0,
              795.0
            ]
          ]
        ]
      },
      "properties": {
        "easting_m": 650.0,
        "northing_m": 800.0,
        "predicted_subsidence_mm": 9.497,
        "estimation_variance_mm2": 77.9906,
        "estimation_std_mm": 8.831,
        "confidence_score": 0.362,
        "is_high_uncertainty": true
      }
    },
    {
      "type": "Feature",
      "geometry": {
        "type": "Polygon",
        "coordinates": [
          [
            [
              695.0,
              795.0
            ],
            [
              705.0,
              795.0
            ],
            [
              705.0,
              805.0
            ],
            [
              695.0,
              805.0
            ],
            [
              695.0,
              795.0
            ]
          ]
        ]
      },
      "properties": {
        "easting_m": 700.0,
        "northing_m": 800.0,
        "predicted_subsidence_mm": 7.106,
        "estimation_variance_mm2": 123.3808,
        "estimation_std_mm": 11.108,
        "confidence_score": 0.31,
        "is_high_uncertainty": true
      }
    },
    {
      "type": "Feature",
      "geometry": {
        "type": "Polygon",
        "coordinates": [
          [
            [
              745.0,
              795.0
            ],
            [
              755.0,
              795.0
            ],
            [
              755.0,
              805.0
            ],
            [
              745.0,
              805.0
            ],
            [
              745.0,
              795.0
            ]
          ]
        ]
      },
      "properties": {
        "easting_m": 750.0,
        "northing_m": 800.0,
        "predicted_subsidence_mm": 4.472,
        "estimation_variance_mm2": 184.6302,
        "estimation_std_mm": 13.588,
        "confidence_score": 0.269,
        "is_high_uncertainty": true
      }
    },
    {
      "type": "Feature",
      "geometry": {
        "type": "Polygon",
        "coordinates": [
          [
            [
              795.0,
              795.0
            ],
            [
              805.0,
              795.0
            ],
            [
              805.0,
              805.0
            ],
            [
              795.0,
              805.0
            ],
            [
              795.0,
              795.0
            ]
          ]
        ]
      },
      "properties": {
        "easting_m": 800.0,
        "northing_m": 800.0,
        "predicted_subsidence_mm": 1.659,
        "estimation_variance_mm2": 260.9011,
        "estimation_std_mm": 16.152,
        "confidence_score": 0.236,
        "is_high_uncertainty": true
      }
    },
    {
      "type": "Feature",
      "geometry": {
        "type": "Polygon",
        "coordinates": [
          [
            [
              845.0,
              795.0
            ],
            [
              855.0,
              795.0
            ],
            [
              855.0,
              805.0
            ],
            [
              845.0,
              805.0
            ],
            [
              845.0,
              795.0
            ]
          ]
        ]
      },
      "properties": {
        "easting_m": 850.0,
        "northing_m": 800.0,
        "predicted_subsidence_mm": -1.279,
        "estimation_variance_mm2": 352.2689,
        "estimation_std_mm": 18.769,
        "confidence_score": 0.21,
        "is_high_uncertainty": true
      }
    },
    {
      "type": "Feature",
      "geometry": {
        "type": "Polygon",
        "coordinates": [
          [
            [
              895.0,
              795.0
            ],
            [
              905.0,
              795.0
            ],
            [
              905.0,
              805.0
            ],
            [
              895.0,
              805.0
            ],
            [
              895.0,
              795.0
            ]
          ]
        ]
      },
      "properties": {
        "easting_m": 900.0,
        "northing_m": 800.0,
        "predicted_subsidence_mm": -4.301,
        "estimation_variance_mm2": 458.9688,
        "estimation_std_mm": 21.424,
        "confidence_score": 0.189,
        "is_high_uncertainty": true
      }
    },
    {
      "type": "Feature",
      "geometry": {
        "type": "Polygon",
        "coordinates": [
          [
            [
              945.0,
              795.0
            ],
            [
              955.0,
              795.0
            ],
            [
              955.0,
              805.0
            ],
            [
              945.0,
              805.0
            ],
            [
              945.0,
              795.0
            ]
          ]
        ]
      },
      "properties": {
        "easting_m": 950.0,
        "northing_m": 800.0,
        "predicted_subsidence_mm": -7.381,
        "estimation_variance_mm2": 581.2534,
        "estimation_std_mm": 24.109,
        "confidence_score": 0.172,
        "is_high_uncertainty": true
      }
    },
    {
      "type": "Feature",
      "geometry": {
        "type": "Polygon",
        "coordinates": [
          [
            [
              995.0,
              795.0
            ],
            [
              1005.0,
              795.0
            ],
            [
              1005.0,
              805.0
            ],
            [
              995.0,
              805.0
            ],
            [
              995.0,
              795.0
            ]
          ]
        ]
      },
      "properties": {
        "easting_m": 1000.0,
        "northing_m": 800.0,
        "predicted_subsidence_mm": -10.5,
        "estimation_variance_mm2": 719.362,
        "estimation_std_mm": 26.821,
        "confidence_score": 0.157,
        "is_high_uncertainty": true
      }
    },
    {
      "type": "Feature",
      "geometry": {
        "type": "Polygon",
        "coordinates": [
          [
            [
              -5.0,
              845.0
            ],
            [
              5.0,
              845.0
            ],
            [
              5.0,
              855.0
            ],
            [
              -5.0,
              855.0
            ],
            [
              -5.0,
              845.0
            ]
          ]
        ]
      },
      "properties": {
        "easting_m": 0.0,
        "northing_m": 850.0,
        "predicted_subsidence_mm": -8.807,
        "estimation_variance_mm2": 506.0476,
        "estimation_std_mm": 22.496,
        "confidence_score": 0.182,
        "is_high_uncertainty": true
      }
    },
    {
      "type": "Feature",
      "geometry": {
        "type": "Polygon",
        "coordinates": [
          [
            [
              45.0,
              845.0
            ],
            [
              55.0,
              845.0
            ],
            [
              55.0,
              855.0
            ],
            [
              45.0,
              855.0
            ],
            [
              45.0,
              845.0
            ]
          ]
        ]
      },
      "properties": {
        "easting_m": 50.0,
        "northing_m": 850.0,
        "predicted_subsidence_mm": -4.61,
        "estimation_variance_mm2": 399.0567,
        "estimation_std_mm": 19.976,
        "confidence_score": 0.2,
        "is_high_uncertainty": true
      }
    },
    {
      "type": "Feature",
      "geometry": {
        "type": "Polygon",
        "coordinates": [
          [
            [
              95.0,
              845.0
            ],
            [
              105.0,
              845.0
            ],
            [
              105.0,
              855.0
            ],
            [
              95.0,
              855.0
            ],
            [
              95.0,
              845.0
            ]
          ]
        ]
      },
      "properties": {
        "easting_m": 100.0,
        "northing_m": 850.0,
        "predicted_subsidence_mm": -1.007,
        "estimation_variance_mm2": 317.111,
        "estimation_std_mm": 17.808,
        "confidence_score": 0.219,
        "is_high_uncertainty": true
      }
    },
    {
      "type": "Feature",
      "geometry": {
        "type": "Polygon",
        "coordinates": [
          [
            [
              145.0,
              845.0
            ],
            [
              155.0,
              845.0
            ],
            [
              155.0,
              855.0
            ],
            [
              145.0,
              855.0
            ],
            [
              145.0,
              845.0
            ]
          ]
        ]
      },
      "properties": {
        "easting_m": 150.0,
        "northing_m": 850.0,
        "predicted_subsidence_mm": 1.778,
        "estimation_variance_mm2": 258.1602,
        "estimation_std_mm": 16.067,
        "confidence_score": 0.237,
        "is_high_uncertainty": true
      }
    },
    {
      "type": "Feature",
      "geometry": {
        "type": "Polygon",
        "coordinates": [
          [
            [
              195.0,
              845.0
            ],
            [
              205.0,
              845.0
            ],
            [
              205.0,
              855.0
            ],
            [
              195.0,
              855.0
            ],
            [
              195.0,
              845.0
            ]
          ]
        ]
      },
      "properties": {
        "easting_m": 200.0,
        "northing_m": 850.0,
        "predicted_subsidence_mm": 3.538,
        "estimation_variance_mm2": 219.5315,
        "estimation_std_mm": 14.817,
        "confidence_score": 0.252,
        "is_high_uncertainty": true
      }
    },
    {
      "type": "Feature",
      "geometry": {
        "type": "Polygon",
        "coordinates": [
          [
            [
              245.0,
              845.0
            ],
            [
              255.0,
              845.0
            ],
            [
              255.0,
              855.0
            ],
            [
              245.0,
              855.0
            ],
            [
              245.0,
              845.0
            ]
          ]
        ]
      },
      "properties": {
        "easting_m": 250.0,
        "northing_m": 850.0,
        "predicted_subsidence_mm": 4.716,
        "estimation_variance_mm2": 191.4981,
        "estimation_std_mm": 13.838,
        "confidence_score": 0.265,
        "is_high_uncertainty": true
      }
    },
    {
      "type": "Feature",
      "geometry": {
        "type": "Polygon",
        "coordinates": [
          [
            [
              295.0,
              845.0
            ],
            [
              305.0,
              845.0
            ],
            [
              305.0,
              855.0
            ],
            [
              295.0,
              855.0
            ],
            [
              295.0,
              845.0
            ]
          ]
        ]
      },
      "properties": {
        "easting_m": 300.0,
        "northing_m": 850.0,
        "predicted_subsidence_mm": 5.865,
        "estimation_variance_mm2": 166.2999,
        "estimation_std_mm": 12.896,
        "confidence_score": 0.279,
        "is_high_uncertainty": true
      }
    },
    {
      "type": "Feature",
      "geometry": {
        "type": "Polygon",
        "coordinates": [
          [
            [
              345.0,
              845.0
            ],
            [
              355.0,
              845.0
            ],
            [
              355.0,
              855.0
            ],
            [
              345.0,
              855.0
            ],
            [
              345.0,
              845.0
            ]
          ]
        ]
      },
      "properties": {
        "easting_m": 350.0,
        "northing_m": 850.0,
        "predicted_subsidence_mm": 7.026,
        "estimation_variance_mm2": 143.9376,
        "estimation_std_mm": 11.997,
        "confidence_score": 0.294,
        "is_high_uncertainty": true
      }
    },
    {
      "type": "Feature",
      "geometry": {
        "type": "Polygon",
        "coordinates": [
          [
            [
              395.0,
              845.0
            ],
            [
              405.0,
              845.0
            ],
            [
              405.0,
              855.0
            ],
            [
              395.0,
              855.0
            ],
            [
              395.0,
              845.0
            ]
          ]
        ]
      },
      "properties": {
        "easting_m": 400.0,
        "northing_m": 850.0,
        "predicted_subsidence_mm": 8.204,
        "estimation_variance_mm2": 124.0413,
        "estimation_std_mm": 11.137,
        "confidence_score": 0.31,
        "is_high_uncertainty": true
      }
    },
    {
      "type": "Feature",
      "geometry": {
        "type": "Polygon",
        "coordinates": [
          [
            [
              445.0,
              845.0
            ],
            [
              455.0,
              845.0
            ],
            [
              455.0,
              855.0
            ],
            [
              445.0,
              855.0
            ],
            [
              445.0,
              845.0
            ]
          ]
        ]
      },
      "properties": {
        "easting_m": 450.0,
        "northing_m": 850.0,
        "predicted_subsidence_mm": 9.342,
        "estimation_variance_mm2": 105.8865,
        "estimation_std_mm": 10.29,
        "confidence_score": 0.327,
        "is_high_uncertainty": true
      }
    },
    {
      "type": "Feature",
      "geometry": {
        "type": "Polygon",
        "coordinates": [
          [
            [
              495.0,
              845.0
            ],
            [
              505.0,
              845.0
            ],
            [
              505.0,
              855.0
            ],
            [
              495.0,
              855.0
            ],
            [
              495.0,
              845.0
            ]
          ]
        ]
      },
      "properties": {
        "easting_m": 500.0,
        "northing_m": 850.0,
        "predicted_subsidence_mm": 9.857,
        "estimation_variance_mm2": 92.7682,
        "estimation_std_mm": 9.632,
        "confidence_score": 0.342,
        "is_high_uncertainty": true
      }
    },
    {
      "type": "Feature",
      "geometry": {
        "type": "Polygon",
        "coordinates": [
          [
            [
              545.0,
              845.0
            ],
            [
              555.0,
              845.0
            ],
            [
              555.0,
              855.0
            ],
            [
              545.0,
              855.0
            ],
            [
              545.0,
              845.0
            ]
          ]
        ]
      },
      "properties": {
        "easting_m": 550.0,
        "northing_m": 850.0,
        "predicted_subsidence_mm": 9.32,
        "estimation_variance_mm2": 87.577,
        "estimation_std_mm": 9.358,
        "confidence_score": 0.348,
        "is_high_uncertainty": true
      }
    },
    {
      "type": "Feature",
      "geometry": {
        "type": "Polygon",
        "coordinates": [
          [
            [
              595.0,
              845.0
            ],
            [
              605.0,
              845.0
            ],
            [
              605.0,
              855.0
            ],
            [
              595.0,
              855.0
            ],
            [
              595.0,
              845.0
            ]
          ]
        ]
      },
      "properties": {
        "easting_m": 600.0,
        "northing_m": 850.0,
        "predicted_subsidence_mm": 8.028,
        "estimation_variance_mm2": 93.823,
        "estimation_std_mm": 9.686,
        "confidence_score": 0.34,
        "is_high_uncertainty": true
      }
    },
    {
      "type": "Feature",
      "geometry": {
        "type": "Polygon",
        "coordinates": [
          [
            [
              645.0,
              845.0
            ],
            [
              655.0,
              845.0
            ],
            [
              655.0,
              855.0
            ],
            [
              645.0,
              855.0
            ],
            [
              645.0,
              845.0
            ]
          ]
        ]
      },
      "properties": {
        "easting_m": 650.0,
        "northing_m": 850.0,
        "predicted_subsidence_mm": 6.288,
        "estimation_variance_mm2": 117.8504,
        "estimation_std_mm": 10.856,
        "confidence_score": 0.315,
        "is_high_uncertainty": true
      }
    },
    {
      "type": "Feature",
      "geometry": {
        "type": "Polygon",
        "coordinates": [
          [
            [
              695.0,
              845.0
            ],
            [
              705.0,
              845.0
            ],
            [
              705.0,
              855.0
            ],
            [
              695.0,
              855.0
            ],
            [
              695.0,
              845.0
            ]
          ]
        ]
      },
      "properties": {
        "easting_m": 700.0,
        "northing_m": 850.0,
        "predicted_subsidence_mm": 4.232,
        "estimation_variance_mm2": 160.9986,
        "estimation_std_mm": 12.689,
        "confidence_score": 0.283,
        "is_high_uncertainty": true
      }
    },
    {
      "type": "Feature",
      "geometry": {
        "type": "Polygon",
        "coordinates": [
          [
            [
              745.0,
              845.0
            ],
            [
              755.0,
              845.0
            ],
            [
              755.0,
              855.0
            ],
            [
              745.0,
              855.0
            ],
            [
              745.0,
              845.0
            ]
          ]
        ]
      },
      "properties": {
        "easting_m": 750.0,
        "northing_m": 850.0,
        "predicted_subsidence_mm": 1.912,
        "estimation_variance_mm2": 221.299,
        "estimation_std_mm": 14.876,
        "confidence_score": 0.252,
        "is_high_uncertainty": true
      }
    },
    {
      "type": "Feature",
      "geometry": {
        "type": "Polygon",
        "coordinates": [
          [
            [
              795.0,
              845.0
            ],
            [
              805.0,
              845.0
            ],
            [
              805.0,
              855.0
            ],
            [
              795.0,
              855.0
            ],
            [
              795.0,
              845.0
            ]
          ]
        ]
      },
      "properties": {
        "easting_m": 800.0,
        "northing_m": 850.0,
        "predicted_subsidence_mm": -0.619,
        "estimation_variance_mm2": 297.5051,
        "estimation_std_mm": 17.248,
        "confidence_score": 0.225,
        "is_high_uncertainty": true
      }
    },
    {
      "type": "Feature",
      "geometry": {
        "type": "Polygon",
        "coordinates": [
          [
            [
              845.0,
              845.0
            ],
            [
              855.0,
              845.0
            ],
            [
              855.0,
              855.0
            ],
            [
              845.0,
              855.0
            ],
            [
              845.0,
              845.0
            ]
          ]
        ]
      },
      "properties": {
        "easting_m": 850.0,
        "northing_m": 850.0,
        "predicted_subsidence_mm": -3.312,
        "estimation_variance_mm2": 389.2404,
        "estimation_std_mm": 19.729,
        "confidence_score": 0.202,
        "is_high_uncertainty": true
      }
    },
    {
      "type": "Feature",
      "geometry": {
        "type": "Polygon",
        "coordinates": [
          [
            [
              895.0,
              845.0
            ],
            [
              905.0,
              845.0
            ],
            [
              905.0,
              855.0
            ],
            [
              895.0,
              855.0
            ],
            [
              895.0,
              845.0
            ]
          ]
        ]
      },
      "properties": {
        "easting_m": 900.0,
        "northing_m": 850.0,
        "predicted_subsidence_mm": -6.125,
        "estimation_variance_mm2": 496.5095,
        "estimation_std_mm": 22.282,
        "confidence_score": 0.183,
        "is_high_uncertainty": true
      }
    },
    {
      "type": "Feature",
      "geometry": {
        "type": "Polygon",
        "coordinates": [
          [
            [
              945.0,
              845.0
            ],
            [
              955.0,
              845.0
            ],
            [
              955.0,
              855.0
            ],
            [
              945.0,
              855.0
            ],
            [
              945.0,
              845.0
            ]
          ]
        ]
      },
      "properties": {
        "easting_m": 950.0,
        "northing_m": 850.0,
        "predicted_subsidence_mm": -9.027,
        "estimation_variance_mm2": 619.4561,
        "estimation_std_mm": 24.889,
        "confidence_score": 0.167,
        "is_high_uncertainty": true
      }
    },
    {
      "type": "Feature",
      "geometry": {
        "type": "Polygon",
        "coordinates": [
          [
            [
              995.0,
              845.0
            ],
            [
              1005.0,
              845.0
            ],
            [
              1005.0,
              855.0
            ],
            [
              995.0,
              855.0
            ],
            [
              995.0,
              845.0
            ]
          ]
        ]
      },
      "properties": {
        "easting_m": 1000.0,
        "northing_m": 850.0,
        "predicted_subsidence_mm": -11.994,
        "estimation_variance_mm2": 758.2696,
        "estimation_std_mm": 27.537,
        "confidence_score": 0.154,
        "is_high_uncertainty": true
      }
    },
    {
      "type": "Feature",
      "geometry": {
        "type": "Polygon",
        "coordinates": [
          [
            [
              -5.0,
              895.0
            ],
            [
              5.0,
              895.0
            ],
            [
              5.0,
              905.0
            ],
            [
              -5.0,
              905.0
            ],
            [
              -5.0,
              895.0
            ]
          ]
        ]
      },
      "properties": {
        "easting_m": 0.0,
        "northing_m": 900.0,
        "predicted_subsidence_mm": -12.313,
        "estimation_variance_mm2": 595.9023,
        "estimation_std_mm": 24.411,
        "confidence_score": 0.17,
        "is_high_uncertainty": true
      }
    },
    {
      "type": "Feature",
      "geometry": {
        "type": "Polygon",
        "coordinates": [
          [
            [
              45.0,
              895.0
            ],
            [
              55.0,
              895.0
            ],
            [
              55.0,
              905.0
            ],
            [
              45.0,
              905.0
            ],
            [
              45.0,
              895.0
            ]
          ]
        ]
      },
      "properties": {
        "easting_m": 50.0,
        "northing_m": 900.0,
        "predicted_subsidence_mm": -8.521,
        "estimation_variance_mm2": 486.2289,
        "estimation_std_mm": 22.051,
        "confidence_score": 0.185,
        "is_high_uncertainty": true
      }
    },
    {
      "type": "Feature",
      "geometry": {
        "type": "Polygon",
        "coordinates": [
          [
            [
              95.0,
              895.0
            ],
            [
              105.0,
              895.0
            ],
            [
              105.0,
              905.0
            ],
            [
              95.0,
              905.0
            ],
            [
              95.0,
              895.0
            ]
          ]
        ]
      },
      "properties": {
        "easting_m": 100.0,
        "northing_m": 900.0,
        "predicted_subsidence_mm": -5.308,
        "estimation_variance_mm2": 400.9692,
        "estimation_std_mm": 20.024,
        "confidence_score": 0.2,
        "is_high_uncertainty": true
      }
    },
    {
      "type": "Feature",
      "geometry": {
        "type": "Polygon",
        "coordinates": [
          [
            [
              145.0,
              895.0
            ],
            [
              155.0,
              895.0
            ],
            [
              155.0,
              905.0
            ],
            [
              145.0,
              905.0
            ],
            [
              145.0,
              895.0
            ]
          ]
        ]
      },
      "properties": {
        "easting_m": 150.0,
        "northing_m": 900.0,
        "predicted_subsidence_mm": -2.821,
        "estimation_variance_mm2": 338.1553,
        "estimation_std_mm": 18.389,
        "confidence_score": 0.214,
        "is_high_uncertainty": true
      }
    },
    {
      "type": "Feature",
      "geometry": {
        "type": "Polygon",
        "coordinates": [
          [
            [
              195.0,
              895.0
            ],
            [
              205.0,
              895.0
            ],
            [
              205.0,
              905.0
            ],
            [
              195.0,
              905.0
            ],
            [
              195.0,
              895.0
            ]
          ]
        ]
      },
      "properties": {
        "easting_m": 200.0,
        "northing_m": 900.0,
        "predicted_subsidence_mm": -1.177,
        "estimation_variance_mm2": 295.3962,
        "estimation_std_mm": 17.187,
        "confidence_score": 0.225,
        "is_high_uncertainty": true
      }
    },
    {
      "type": "Feature",
      "geometry": {
        "type": "Polygon",
        "coordinates": [
          [
            [
              245.0,
              895.0
            ],
            [
              255.0,
              895.0
            ],
            [
              255.0,
              905.0
            ],
            [
              245.0,
              905.0
            ],
            [
              245.0,
              895.0
            ]
          ]
        ]
      },
      "properties": {
        "easting_m": 250.0,
        "northing_m": 900.0,
        "predicted_subsidence_mm": 0.005,
        "estimation_variance_mm2": 263.1592,
        "estimation_std_mm": 16.222,
        "confidence_score": 0.236,
        "is_high_uncertainty": true
      }
    },
    {
      "type": "Feature",
      "geometry": {
        "type": "Polygon",
        "coordinates": [
          [
            [
              295.0,
              895.0
            ],
            [
              305.0,
              895.0
            ],
            [
              305.0,
              905.0
            ],
            [
              295.0,
              905.0
            ],
            [
              295.0,
              895.0
            ]
          ]
        ]
      },
      "properties": {
        "easting_m": 300.0,
        "northing_m": 900.0,
        "predicted_subsidence_mm": 1.16,
        "estimation_variance_mm2": 233.4984,
        "estimation_std_mm": 15.281,
        "confidence_score": 0.247,
        "is_high_uncertainty": true
      }
    },
    {
      "type": "Feature",
      "geometry": {
        "type": "Polygon",
        "coordinates": [
          [
            [
              345.0,
              895.0
            ],
            [
              355.0,
              895.0
            ],
            [
              355.0,
              905.0
            ],
            [
              345.0,
              905.0
            ],
            [
              345.0,
              895.0
            ]
          ]
        ]
      },
      "properties": {
        "easting_m": 350.0,
        "northing_m": 900.0,
        "predicted_subsidence_mm": 2.306,
        "estimation_variance_mm2": 206.2133,
        "estimation_std_mm": 14.36,
        "confidence_score": 0.258,
        "is_high_uncertainty": true
      }
    },
    {
      "type": "Feature",
      "geometry": {
        "type": "Polygon",
        "coordinates": [
          [
            [
              395.0,
              895.0
            ],
            [
              405.0,
              895.0
            ],
            [
              405.0,
              905.0
            ],
            [
              395.0,
              905.0
            ],
            [
              395.0,
              895.0
            ]
          ]
        ]
      },
      "properties": {
        "easting_m": 400.0,
        "northing_m": 900.0,
        "predicted_subsidence_mm": 3.444,
        "estimation_variance_mm2": 181.096,
        "estimation_std_mm": 13.457,
        "confidence_score": 0.271,
        "is_high_uncertainty": true
      }
    },
    {
      "type": "Feature",
      "geometry": {
        "type": "Polygon",
        "coordinates": [
          [
            [
              445.0,
              895.0
            ],
            [
              455.0,
              895.0
            ],
            [
              455.0,
              905.0
            ],
            [
              445.0,
              905.0
            ],
            [
              445.0,
              895.0
            ]
          ]
        ]
      },
      "properties": {
        "easting_m": 450.0,
        "northing_m": 900.0,
        "predicted_subsidence_mm": 4.552,
        "estimation_variance_mm2": 158.1432,
        "estimation_std_mm": 12.575,
        "confidence_score": 0.284,
        "is_high_uncertainty": true
      }
    },
    {
      "type": "Feature",
      "geometry": {
        "type": "Polygon",
        "coordinates": [
          [
            [
              495.0,
              895.0
            ],
            [
              505.0,
              895.0
            ],
            [
              505.0,
              905.0
            ],
            [
              495.0,
              905.0
            ],
            [
              495.0,
              895.0
            ]
          ]
        ]
      },
      "properties": {
        "easting_m": 500.0,
        "northing_m": 900.0,
        "predicted_subsidence_mm": 5.191,
        "estimation_variance_mm2": 142.3303,
        "estimation_std_mm": 11.93,
        "confidence_score": 0.295,
        "is_high_uncertainty": true
      }
    },
    {
      "type": "Feature",
      "geometry": {
        "type": "Polygon",
        "coordinates": [
          [
            [
              545.0,
              895.0
            ],
            [
              555.0,
              895.0
            ],
            [
              555.0,
              905.0
            ],
            [
              545.0,
              905.0
            ],
            [
              545.0,
              895.0
            ]
          ]
        ]
      },
      "properties": {
        "easting_m": 550.0,
        "northing_m": 900.0,
        "predicted_subsidence_mm": 5.0,
        "estimation_variance_mm2": 138.0279,
        "estimation_std_mm": 11.749,
        "confidence_score": 0.299,
        "is_high_uncertainty": true
      }
    },
    {
      "type": "Feature",
      "geometry": {
        "type": "Polygon",
        "coordinates": [
          [
            [
              595.0,
              895.0
            ],
            [
              605.0,
              895.0
            ],
            [
              605.0,
              905.0
            ],
            [
              595.0,
              905.0
            ],
            [
              595.0,
              895.0
            ]
          ]
        ]
      },
      "properties": {
        "easting_m": 600.0,
        "northing_m": 900.0,
        "predicted_subsidence_mm": 4.137,
        "estimation_variance_mm2": 146.8947,
        "estimation_std_mm": 12.12,
        "confidence_score": 0.292,
        "is_high_uncertainty": true
      }
    },
    {
      "type": "Feature",
      "geometry": {
        "type": "Polygon",
        "coordinates": [
          [
            [
              645.0,
              895.0
            ],
            [
              655.0,
              895.0
            ],
            [
              655.0,
              905.0
            ],
            [
              645.0,
              905.0
            ],
            [
              645.0,
              895.0
            ]
          ]
        ]
      },
      "properties": {
        "easting_m": 650.0,
        "northing_m": 900.0,
        "predicted_subsidence_mm": 2.778,
        "estimation_variance_mm2": 171.7843,
        "estimation_std_mm": 13.107,
        "confidence_score": 0.276,
        "is_high_uncertainty": true
      }
    },
    {
      "type": "Feature",
      "geometry": {
        "type": "Polygon",
        "coordinates": [
          [
            [
              695.0,
              895.0
            ],
            [
              705.0,
              895.0
            ],
            [
              705.0,
              905.0
            ],
            [
              695.0,
              905.0
            ],
            [
              695.0,
              895.0
            ]
          ]
        ]
      },
      "properties": {
        "easting_m": 700.0,
        "northing_m": 900.0,
        "predicted_subsidence_mm": 1.047,
        "estimation_variance_mm2": 214.0725,
        "estimation_std_mm": 14.631,
        "confidence_score": 0.255,
        "is_high_uncertainty": true
      }
    },
    {
      "type": "Feature",
      "geometry": {
        "type": "Polygon",
        "coordinates": [
          [
            [
              745.0,
              895.0
            ],
            [
              755.0,
              895.0
            ],
            [
              755.0,
              905.0
            ],
            [
              745.0,
              905.0
            ],
            [
              745.0,
              895.0
            ]
          ]
        ]
      },
      "properties": {
        "easting_m": 750.0,
        "northing_m": 900.0,
        "predicted_subsidence_mm": -0.979,
        "estimation_variance_mm2": 273.4247,
        "estimation_std_mm": 16.536,
        "confidence_score": 0.232,
        "is_high_uncertainty": true
      }
    },
    {
      "type": "Feature",
      "geometry": {
        "type": "Polygon",
        "coordinates": [
          [
            [
              795.0,
              895.0
            ],
            [
              805.0,
              895.0
            ],
            [
              805.0,
              905.0
            ],
            [
              795.0,
              905.0
            ],
            [
              795.0,
              895.0
            ]
          ]
        ]
      },
      "properties": {
        "easting_m": 800.0,
        "northing_m": 900.0,
        "predicted_subsidence_mm": -3.242,
        "estimation_variance_mm2": 349.1462,
        "estimation_std_mm": 18.685,
        "confidence_score": 0.211,
        "is_high_uncertainty": true
      }
    },
    {
      "type": "Feature",
      "geometry": {
        "type": "Polygon",
        "coordinates": [
          [
            [
              845.0,
              895.0
            ],
            [
              855.0,
              895.0
            ],
            [
              855.0,
              905.0
            ],
            [
              845.0,
              905.0
            ],
            [
              845.0,
              895.0
            ]
          ]
        ]
      },
      "properties": {
        "easting_m": 850.0,
        "northing_m": 900.0,
        "predicted_subsidence_mm": -5.694,
        "estimation_variance_mm2": 440.822,
        "estimation_std_mm": 20.996,
        "confidence_score": 0.192,
        "is_high_uncertainty": true
      }
    },
    {
      "type": "Feature",
      "geometry": {
        "type": "Polygon",
        "coordinates": [
          [
            [
              895.0,
              895.0
            ],
            [
              905.0,
              895.0
            ],
            [
              905.0,
              905.0
            ],
            [
              895.0,
              905.0
            ],
            [
              895.0,
              895.0
            ]
          ]
        ]
      },
      "properties": {
        "easting_m": 900.0,
        "northing_m": 900.0,
        "predicted_subsidence_mm": -8.293,
        "estimation_variance_mm2": 548.3209,
        "estimation_std_mm": 23.416,
        "confidence_score": 0.176,
        "is_high_uncertainty": true
      }
    },
    {
      "type": "Feature",
      "geometry": {
        "type": "Polygon",
        "coordinates": [
          [
            [
              945.0,
              895.0
            ],
            [
              955.0,
              895.0
            ],
            [
              955.0,
              905.0
            ],
            [
              945.0,
              905.0
            ],
            [
              945.0,
              895.0
            ]
          ]
        ]
      },
      "properties": {
        "easting_m": 950.0,
        "northing_m": 900.0,
        "predicted_subsidence_mm": -11.008,
        "estimation_variance_mm2": 671.6801,
        "estimation_std_mm": 25.917,
        "confidence_score": 0.162,
        "is_high_uncertainty": true
      }
    },
    {
      "type": "Feature",
      "geometry": {
        "type": "Polygon",
        "coordinates": [
          [
            [
              995.0,
              895.0
            ],
            [
              1005.0,
              895.0
            ],
            [
              1005.0,
              905.0
            ],
            [
              995.0,
              905.0
            ],
            [
              995.0,
              895.0
            ]
          ]
        ]
      },
      "properties": {
        "easting_m": 1000.0,
        "northing_m": 900.0,
        "predicted_subsidence_mm": -13.812,
        "estimation_variance_mm2": 811.0207,
        "estimation_std_mm": 28.478,
        "confidence_score": 0.149,
        "is_high_uncertainty": true
      }
    },
    {
      "type": "Feature",
      "geometry": {
        "type": "Polygon",
        "coordinates": [
          [
            [
              -5.0,
              945.0
            ],
            [
              5.0,
              945.0
            ],
            [
              5.0,
              955.0
            ],
            [
              -5.0,
              955.0
            ],
            [
              -5.0,
              945.0
            ]
          ]
        ]
      },
      "properties": {
        "easting_m": 0.0,
        "northing_m": 950.0,
        "predicted_subsidence_mm": -16.065,
        "estimation_variance_mm2": 701.2153,
        "estimation_std_mm": 26.48,
        "confidence_score": 0.159,
        "is_high_uncertainty": true
      }
    },
    {
      "type": "Feature",
      "geometry": {
        "type": "Polygon",
        "coordinates": [
          [
            [
              45.0,
              945.0
            ],
            [
              55.0,
              945.0
            ],
            [
              55.0,
              955.0
            ],
            [
              45.0,
              955.0
            ],
            [
              45.0,
              945.0
            ]
          ]
        ]
      },
      "properties": {
        "easting_m": 50.0,
        "northing_m": 950.0,
        "predicted_subsidence_mm": -12.6,
        "estimation_variance_mm2": 588.4652,
        "estimation_std_mm": 24.258,
        "confidence_score": 0.171,
        "is_high_uncertainty": true
      }
    },
    {
      "type": "Feature",
      "geometry": {
        "type": "Polygon",
        "coordinates": [
          [
            [
              95.0,
              945.0
            ],
            [
              105.0,
              945.0
            ],
            [
              105.0,
              955.0
            ],
            [
              95.0,
              955.0
            ],
            [
              95.0,
              945.0
            ]
          ]
        ]
      },
      "properties": {
        "easting_m": 100.0,
        "northing_m": 950.0,
        "predicted_subsidence_mm": -9.677,
        "estimation_variance_mm2": 499.5777,
        "estimation_std_mm": 22.351,
        "confidence_score": 0.183,
        "is_high_uncertainty": true
      }
    },
    {
      "type": "Feature",
      "geometry": {
        "type": "Polygon",
        "coordinates": [
          [
            [
              145.0,
              945.0
            ],
            [
              155.0,
              945.0
            ],
            [
              155.0,
              955.0
            ],
            [
              145.0,
              955.0
            ],
            [
              145.0,
              945.0
            ]
          ]
        ]
      },
      "properties": {
        "easting_m": 150.0,
        "northing_m": 950.0,
        "predicted_subsidence_mm": -7.396,
        "estimation_variance_mm2": 432.6901,
        "estimation_std_mm": 20.801,
        "confidence_score": 0.194,
        "is_high_uncertainty": true
      }
    },
    {
      "type": "Feature",
      "geometry": {
        "type": "Polygon",
        "coordinates": [
          [
            [
              195.0,
              945.0
            ],
            [
              205.0,
              945.0
            ],
            [
              205.0,
              955.0
            ],
            [
              195.0,
              955.0
            ],
            [
              195.0,
              945.0
            ]
          ]
        ]
      },
      "properties": {
        "easting_m": 200.0,
        "northing_m": 950.0,
        "predicted_subsidence_mm": -5.829,
        "estimation_variance_mm2": 385.6368,
        "estimation_std_mm": 19.638,
        "confidence_score": 0.203,
        "is_high_uncertainty": true
      }
    },
    {
      "type": "Feature",
      "geometry": {
        "type": "Polygon",
        "coordinates": [
          [
            [
              245.0,
              945.0
            ],
            [
              255.0,
              945.0
            ],
            [
              255.0,
              955.0
            ],
            [
              245.0,
              955.0
            ],
            [
              245.0,
              945.0
            ]
          ]
        ]
      },
      "properties": {
        "easting_m": 250.0,
        "northing_m": 950.0,
        "predicted_subsidence_mm": -4.646,
        "estimation_variance_mm2": 349.0461,
        "estimation_std_mm": 18.683,
        "confidence_score": 0.211,
        "is_high_uncertainty": true
      }
    },
    {
      "type": "Feature",
      "geometry": {
        "type": "Polygon",
        "coordinates": [
          [
            [
              295.0,
              945.0
            ],
            [
              305.0,
              945.0
            ],
            [
              305.0,
              955.0
            ],
            [
              295.0,
              955.0
            ],
            [
              295.0,
              945.0
            ]
          ]
        ]
      },
      "properties": {
        "easting_m": 300.0,
        "northing_m": 950.0,
        "predicted_subsidence_mm": -3.488,
        "estimation_variance_mm2": 314.9324,
        "estimation_std_mm": 17.746,
        "confidence_score": 0.22,
        "is_high_uncertainty": true
      }
    },
    {
      "type": "Feature",
      "geometry": {
        "type": "Polygon",
        "coordinates": [
          [
            [
              345.0,
              945.0
            ],
            [
              355.0,
              945.0
            ],
            [
              355.0,
              955.0
            ],
            [
              345.0,
              955.0
            ],
            [
              345.0,
              945.0
            ]
          ]
        ]
      },
      "properties": {
        "easting_m": 350.0,
        "northing_m": 950.0,
        "predicted_subsidence_mm": -2.347,
        "estimation_variance_mm2": 283.1375,
        "estimation_std_mm": 16.827,
        "confidence_score": 0.229,
        "is_high_uncertainty": true
      }
    },
    {
      "type": "Feature",
      "geometry": {
        "type": "Polygon",
        "coordinates": [
          [
            [
              395.0,
              945.0
            ],
            [
              405.0,
              945.0
            ],
            [
              405.0,
              955.0
            ],
            [
              395.0,
              955.0
            ],
            [
              395.0,
              945.0
            ]
          ]
        ]
      },
      "properties": {
        "easting_m": 400.0,
        "northing_m": 950.0,
        "predicted_subsidence_mm": -1.221,
        "estimation_variance_mm2": 253.6793,
        "estimation_std_mm": 15.927,
        "confidence_score": 0.239,
        "is_high_uncertainty": true
      }
    },
    {
      "type": "Feature",
      "geometry": {
        "type": "Polygon",
        "coordinates": [
          [
            [
              445.0,
              945.0
            ],
            [
              455.0,
              945.0
            ],
            [
              455.0,
              955.0
            ],
            [
              445.0,
              955.0
            ],
            [
              445.0,
              945.0
            ]
          ]
        ]
      },
      "properties": {
        "easting_m": 450.0,
        "northing_m": 950.0,
        "predicted_subsidence_mm": -0.116,
        "estimation_variance_mm2": 226.9439,
        "estimation_std_mm": 15.065,
        "confidence_score": 0.249,
        "is_high_uncertainty": true
      }
    },
    {
      "type": "Feature",
      "geometry": {
        "type": "Polygon",
        "coordinates": [
          [
            [
              495.0,
              945.0
            ],
            [
              505.0,
              945.0
            ],
            [
              505.0,
              955.0
            ],
            [
              495.0,
              955.0
            ],
            [
              495.0,
              945.0
            ]
          ]
        ]
      },
      "properties": {
        "easting_m": 500.0,
        "northing_m": 950.0,
        "predicted_subsidence_mm": 0.613,
        "estimation_variance_mm2": 208.7989,
        "estimation_std_mm": 14.45,
        "confidence_score": 0.257,
        "is_high_uncertainty": true
      }
    },
    {
      "type": "Feature",
      "geometry": {
        "type": "Polygon",
        "coordinates": [
          [
            [
              545.0,
              945.0
            ],
            [
              555.0,
              945.0
            ],
            [
              555.0,
              955.0
            ],
            [
              545.0,
              955.0
            ],
            [
              545.0,
              945.0
            ]
          ]
        ]
      },
      "properties": {
        "easting_m": 550.0,
        "northing_m": 950.0,
        "predicted_subsidence_mm": 0.653,
        "estimation_variance_mm2": 204.2998,
        "estimation_std_mm": 14.293,
        "confidence_score": 0.259,
        "is_high_uncertainty": true
      }
    },
    {
      "type": "Feature",
      "geometry": {
        "type": "Polygon",
        "coordinates": [
          [
            [
              595.0,
              945.0
            ],
            [
              605.0,
              945.0
            ],
            [
              605.0,
              955.0
            ],
            [
              595.0,
              955.0
            ],
            [
              595.0,
              945.0
            ]
          ]
        ]
      },
      "properties": {
        "easting_m": 600.0,
        "northing_m": 950.0,
        "predicted_subsidence_mm": 0.094,
        "estimation_variance_mm2": 214.1077,
        "estimation_std_mm": 14.632,
        "confidence_score": 0.255,
        "is_high_uncertainty": true
      }
    },
    {
      "type": "Feature",
      "geometry": {
        "type": "Polygon",
        "coordinates": [
          [
            [
              645.0,
              945.0
            ],
            [
              655.0,
              945.0
            ],
            [
              655.0,
              955.0
            ],
            [
              645.0,
              955.0
            ],
            [
              645.0,
              945.0
            ]
          ]
        ]
      },
      "properties": {
        "easting_m": 650.0,
        "northing_m": 950.0,
        "predicted_subsidence_mm": -0.952,
        "estimation_variance_mm2": 239.5615,
        "estimation_std_mm": 15.478,
        "confidence_score": 0.244,
        "is_high_uncertainty": true
      }
    },
    {
      "type": "Feature",
      "geometry": {
        "type": "Polygon",
        "coordinates": [
          [
            [
              695.0,
              945.0
            ],
            [
              705.0,
              945.0
            ],
            [
              705.0,
              955.0
            ],
            [
              695.0,
              955.0
            ],
            [
              695.0,
              945.0
            ]
          ]
        ]
      },
      "properties": {
        "easting_m": 700.0,
        "northing_m": 950.0,
        "predicted_subsidence_mm": -2.389,
        "estimation_variance_mm2": 281.5858,
        "estimation_std_mm": 16.781,
        "confidence_score": 0.23,
        "is_high_uncertainty": true
      }
    },
    {
      "type": "Feature",
      "geometry": {
        "type": "Polygon",
        "coordinates": [
          [
            [
              745.0,
              945.0
            ],
            [
              755.0,
              945.0
            ],
            [
              755.0,
              955.0
            ],
            [
              745.0,
              955.0
            ],
            [
              745.0,
              945.0
            ]
          ]
        ]
      },
      "properties": {
        "easting_m": 750.0,
        "northing_m": 950.0,
        "predicted_subsidence_mm": -4.141,
        "estimation_variance_mm2": 340.3332,
        "estimation_std_mm": 18.448,
        "confidence_score": 0.213,
        "is_high_uncertainty": true
      }
    },
    {
      "type": "Feature",
      "geometry": {
        "type": "Polygon",
        "coordinates": [
          [
            [
              795.0,
              945.0
            ],
            [
              805.0,
              945.0
            ],
            [
              805.0,
              955.0
            ],
            [
              795.0,
              955.0
            ],
            [
              795.0,
              945.0
            ]
          ]
        ]
      },
      "properties": {
        "easting_m": 800.0,
        "northing_m": 950.0,
        "predicted_subsidence_mm": -6.151,
        "estimation_variance_mm2": 415.5562,
        "estimation_std_mm": 20.385,
        "confidence_score": 0.197,
        "is_high_uncertainty": true
      }
    },
    {
      "type": "Feature",
      "geometry": {
        "type": "Polygon",
        "coordinates": [
          [
            [
              845.0,
              945.0
            ],
            [
              855.0,
              945.0
            ],
            [
              855.0,
              955.0
            ],
            [
              845.0,
              955.0
            ],
            [
              845.0,
              945.0
            ]
          ]
        ]
      },
      "properties": {
        "easting_m": 850.0,
        "northing_m": 950.0,
        "predicted_subsidence_mm": -8.37,
        "estimation_variance_mm2": 506.9923,
        "estimation_std_mm": 22.516,
        "confidence_score": 0.182,
        "is_high_uncertainty": true
      }
    },
    {
      "type": "Feature",
      "geometry": {
        "type": "Polygon",
        "coordinates": [
          [
            [
              895.0,
              945.0
            ],
            [
              905.0,
              945.0
            ],
            [
              905.0,
              955.0
            ],
            [
              895.0,
              955.0
            ],
            [
              895.0,
              945.0
            ]
          ]
        ]
      },
      "properties": {
        "easting_m": 900.0,
        "northing_m": 950.0,
        "predicted_subsidence_mm": -10.76,
        "estimation_variance_mm2": 614.5043,
        "estimation_std_mm": 24.789,
        "confidence_score": 0.168,
        "is_high_uncertainty": true
      }
    },
    {
      "type": "Feature",
      "geometry": {
        "type": "Polygon",
        "coordinates": [
          [
            [
              945.0,
              945.0
            ],
            [
              955.0,
              945.0
            ],
            [
              955.0,
              955.0
            ],
            [
              945.0,
              955.0
            ],
            [
              945.0,
              945.0
            ]
          ]
        ]
      },
      "properties": {
        "easting_m": 950.0,
        "northing_m": 950.0,
        "predicted_subsidence_mm": -13.285,
        "estimation_variance_mm2": 738.0772,
        "estimation_std_mm": 27.168,
        "confidence_score": 0.155,
        "is_high_uncertainty": true
      }
    },
    {
      "type": "Feature",
      "geometry": {
        "type": "Polygon",
        "coordinates": [
          [
            [
              995.0,
              945.0
            ],
            [
              1005.0,
              945.0
            ],
            [
              1005.0,
              955.0
            ],
            [
              995.0,
              955.0
            ],
            [
              995.0,
              945.0
            ]
          ]
        ]
      },
      "properties": {
        "easting_m": 1000.0,
        "northing_m": 950.0,
        "predicted_subsidence_mm": -15.92,
        "estimation_variance_mm2": 877.7803,
        "estimation_std_mm": 29.627,
        "confidence_score": 0.144,
        "is_high_uncertainty": true
      }
    },
    {
      "type": "Feature",
      "geometry": {
        "type": "Polygon",
        "coordinates": [
          [
            [
              -5.0,
              995.0
            ],
            [
              5.0,
              995.0
            ],
            [
              5.0,
              1005.0
            ],
            [
              -5.0,
              1005.0
            ],
            [
              -5.0,
              995.0
            ]
          ]
        ]
      },
      "properties": {
        "easting_m": 0.0,
        "northing_m": 1000.0,
        "predicted_subsidence_mm": -19.985,
        "estimation_variance_mm2": 821.7335,
        "estimation_std_mm": 28.666,
        "confidence_score": 0.149,
        "is_high_uncertainty": true
      }
    },
    {
      "type": "Feature",
      "geometry": {
        "type": "Polygon",
        "coordinates": [
          [
            [
              45.0,
              995.0
            ],
            [
              55.0,
              995.0
            ],
            [
              55.0,
              1005.0
            ],
            [
              45.0,
              1005.0
            ],
            [
              45.0,
              995.0
            ]
          ]
        ]
      },
      "properties": {
        "easting_m": 50.0,
        "northing_m": 1000.0,
        "predicted_subsidence_mm": -16.781,
        "estimation_variance_mm2": 705.6181,
        "estimation_std_mm": 26.563,
        "confidence_score": 0.158,
        "is_high_uncertainty": true
      }
    },
    {
      "type": "Feature",
      "geometry": {
        "type": "Polygon",
        "coordinates": [
          [
            [
              95.0,
              995.0
            ],
            [
              105.0,
              995.0
            ],
            [
              105.0,
              1005.0
            ],
            [
              95.0,
              1005.0
            ],
            [
              95.0,
              995.0
            ]
          ]
        ]
      },
      "properties": {
        "easting_m": 100.0,
        "northing_m": 1000.0,
        "predicted_subsidence_mm": -14.08,
        "estimation_variance_mm2": 612.901,
        "estimation_std_mm": 24.757,
        "confidence_score": 0.168,
        "is_high_uncertainty": true
      }
    },
    {
      "type": "Feature",
      "geometry": {
        "type": "Polygon",
        "coordinates": [
          [
            [
              145.0,
              995.0
            ],
            [
              155.0,
              995.0
            ],
            [
              155.0,
              1005.0
            ],
            [
              145.0,
              1005.0
            ],
            [
              145.0,
              995.0
            ]
          ]
        ]
      },
      "properties": {
        "easting_m": 150.0,
        "northing_m": 1000.0,
        "predicted_subsidence_mm": -11.95,
        "estimation_variance_mm2": 541.8372,
        "estimation_std_mm": 23.277,
        "confidence_score": 0.177,
        "is_high_uncertainty": true
      }
    },
    {
      "type": "Feature",
      "geometry": {
        "type": "Polygon",
        "coordinates": [
          [
            [
              195.0,
              995.0
            ],
            [
              205.0,
              995.0
            ],
            [
              205.0,
              1005.0
            ],
            [
              195.0,
              1005.0
            ],
            [
              195.0,
              995.0
            ]
          ]
        ]
      },
      "properties": {
        "easting_m": 200.0,
        "northing_m": 1000.0,
        "predicted_subsidence_mm": -10.436,
        "estimation_variance_mm2": 490.4663,
        "estimation_std_mm": 22.146,
        "confidence_score": 0.184,
        "is_high_uncertainty": true
      }
    },
    {
      "type": "Feature",
      "geometry": {
        "type": "Polygon",
        "coordinates": [
          [
            [
              245.0,
              995.0
            ],
            [
              255.0,
              995.0
            ],
            [
              255.0,
              1005.0
            ],
            [
              245.0,
              1005.0
            ],
            [
              245.0,
              995.0
            ]
          ]
        ]
      },
      "properties": {
        "easting_m": 250.0,
        "northing_m": 1000.0,
        "predicted_subsidence_mm": -9.252,
        "estimation_variance_mm2": 449.5778,
        "estimation_std_mm": 21.203,
        "confidence_score": 0.191,
        "is_high_uncertainty": true
      }
    },
    {
      "type": "Feature",
      "geometry": {
        "type": "Polygon",
        "coordinates": [
          [
            [
              295.0,
              995.0
            ],
            [
              305.0,
              995.0
            ],
            [
              305.0,
              1005.0
            ],
            [
              295.0,
              1005.0
            ],
            [
              295.0,
              995.0
            ]
          ]
        ]
      },
      "properties": {
        "easting_m": 300.0,
        "northing_m": 1000.0,
        "predicted_subsidence_mm": -8.092,
        "estimation_variance_mm2": 411.2204,
        "estimation_std_mm": 20.279,
        "confidence_score": 0.198,
        "is_high_uncertainty": true
      }
    },
    {
      "type": "Feature",
      "geometry": {
        "type": "Polygon",
        "coordinates": [
          [
            [
              345.0,
              995.0
            ],
            [
              355.0,
              995.0
            ],
            [
              355.0,
              1005.0
            ],
            [
              345.0,
              1005.0
            ],
            [
              345.0,
              995.0
            ]
          ]
        ]
      },
      "properties": {
        "easting_m": 350.0,
        "northing_m": 1000.0,
        "predicted_subsidence_mm": -6.949,
        "estimation_variance_mm2": 375.3425,
        "estimation_std_mm": 19.374,
        "confidence_score": 0.205,
        "is_high_uncertainty": true
      }
    },
    {
      "type": "Feature",
      "geometry": {
        "type": "Polygon",
        "coordinates": [
          [
            [
              395.0,
              995.0
            ],
            [
              405.0,
              995.0
            ],
            [
              405.0,
              1005.0
            ],
            [
              395.0,
              1005.0
            ],
            [
              395.0,
              995.0
            ]
          ]
        ]
      },
      "properties": {
        "easting_m": 400.0,
        "northing_m": 1000.0,
        "predicted_subsidence_mm": -5.822,
        "estimation_variance_mm2": 342.134,
        "estimation_std_mm": 18.497,
        "confidence_score": 0.213,
        "is_high_uncertainty": true
      }
    },
    {
      "type": "Feature",
      "geometry": {
        "type": "Polygon",
        "coordinates": [
          [
            [
              445.0,
              995.0
            ],
            [
              455.0,
              995.0
            ],
            [
              455.0,
              1005.0
            ],
            [
              445.0,
              1005.0
            ],
            [
              445.0,
              995.0
            ]
          ]
        ]
      },
      "properties": {
        "easting_m": 450.0,
        "northing_m": 1000.0,
        "predicted_subsidence_mm": -4.711,
        "estimation_variance_mm2": 312.1527,
        "estimation_std_mm": 17.668,
        "confidence_score": 0.221,
        "is_high_uncertainty": true
      }
    },
    {
      "type": "Feature",
      "geometry": {
        "type": "Polygon",
        "coordinates": [
          [
            [
              495.0,
              995.0
            ],
            [
              505.0,
              995.0
            ],
            [
              505.0,
              1005.0
            ],
            [
              495.0,
              1005.0
            ],
            [
              495.0,
              995.0
            ]
          ]
        ]
      },
      "properties": {
        "easting_m": 500.0,
        "northing_m": 1000.0,
        "predicted_subsidence_mm": -3.916,
        "estimation_variance_mm2": 291.7383,
        "estimation_std_mm": 17.08,
        "confidence_score": 0.226,
        "is_high_uncertainty": true
      }
    },
    {
      "type": "Feature",
      "geometry": {
        "type": "Polygon",
        "coordinates": [
          [
            [
              545.0,
              995.0
            ],
            [
              555.0,
              995.0
            ],
            [
              555.0,
              1005.0
            ],
            [
              545.0,
              1005.0
            ],
            [
              545.0,
              995.0
            ]
          ]
        ]
      },
      "properties": {
        "easting_m": 550.0,
        "northing_m": 1000.0,
        "predicted_subsidence_mm": -3.712,
        "estimation_variance_mm2": 286.3363,
        "estimation_std_mm": 16.921,
        "confidence_score": 0.228,
        "is_high_uncertainty": true
      }
    },
    {
      "type": "Feature",
      "geometry": {
        "type": "Polygon",
        "coordinates": [
          [
            [
              595.0,
              995.0
            ],
            [
              605.0,
              995.0
            ],
            [
              605.0,
              1005.0
            ],
            [
              595.0,
              1005.0
            ],
            [
              595.0,
              995.0
            ]
          ]
        ]
      },
      "properties": {
        "easting_m": 600.0,
        "northing_m": 1000.0,
        "predicted_subsidence_mm": -4.044,
        "estimation_variance_mm2": 296.0965,
        "estimation_std_mm": 17.207,
        "confidence_score": 0.225,
        "is_high_uncertainty": true
      }
    },
    {
      "type": "Feature",
      "geometry": {
        "type": "Polygon",
        "coordinates": [
          [
            [
              645.0,
              995.0
            ],
            [
              655.0,
              995.0
            ],
            [
              655.0,
              1005.0
            ],
            [
              645.0,
              1005.0
            ],
            [
              645.0,
              995.0
            ]
          ]
        ]
      },
      "properties": {
        "easting_m": 650.0,
        "northing_m": 1000.0,
        "predicted_subsidence_mm": -4.837,
        "estimation_variance_mm2": 321.6128,
        "estimation_std_mm": 17.934,
        "confidence_score": 0.218,
        "is_high_uncertainty": true
      }
    },
    {
      "type": "Feature",
      "geometry": {
        "type": "Polygon",
        "coordinates": [
          [
            [
              695.0,
              995.0
            ],
            [
              705.0,
              995.0
            ],
            [
              705.0,
              1005.0
            ],
            [
              695.0,
              1005.0
            ],
            [
              695.0,
              995.0
            ]
          ]
        ]
      },
      "properties": {
        "easting_m": 700.0,
        "northing_m": 1000.0,
        "predicted_subsidence_mm": -6.018,
        "estimation_variance_mm2": 363.4206,
        "estimation_std_mm": 19.064,
        "confidence_score": 0.208,
        "is_high_uncertainty": true
      }
    },
    {
      "type": "Feature",
      "geometry": {
        "type": "Polygon",
        "coordinates": [
          [
            [
              745.0,
              995.0
            ],
            [
              755.0,
              995.0
            ],
            [
              755.0,
              1005.0
            ],
            [
              745.0,
              1005.0
            ],
            [
              745.0,
              995.0
            ]
          ]
        ]
      },
      "properties": {
        "easting_m": 750.0,
        "northing_m": 1000.0,
        "predicted_subsidence_mm": -7.523,
        "estimation_variance_mm2": 421.738,
        "estimation_std_mm": 20.536,
        "confidence_score": 0.196,
        "is_high_uncertainty": true
      }
    },
    {
      "type": "Feature",
      "geometry": {
        "type": "Polygon",
        "coordinates": [
          [
            [
              795.0,
              995.0
            ],
            [
              805.0,
              995.0
            ],
            [
              805.0,
              1005.0
            ],
            [
              795.0,
              1005.0
            ],
            [
              795.0,
              995.0
            ]
          ]
        ]
      },
      "properties": {
        "easting_m": 800.0,
        "northing_m": 1000.0,
        "predicted_subsidence_mm": -9.298,
        "estimation_variance_mm2": 496.5282,
        "estimation_std_mm": 22.283,
        "confidence_score": 0.183,
        "is_high_uncertainty": true
      }
    },
    {
      "type": "Feature",
      "geometry": {
        "type": "Polygon",
        "coordinates": [
          [
            [
              845.0,
              995.0
            ],
            [
              855.0,
              995.0
            ],
            [
              855.0,
              1005.0
            ],
            [
              845.0,
              1005.0
            ],
            [
              845.0,
              995.0
            ]
          ]
        ]
      },
      "properties": {
        "easting_m": 850.0,
        "northing_m": 1000.0,
        "predicted_subsidence_mm": -11.297,
        "estimation_variance_mm2": 587.6709,
        "estimation_std_mm": 24.242,
        "confidence_score": 0.171,
        "is_high_uncertainty": true
      }
    },
    {
      "type": "Feature",
      "geometry": {
        "type": "Polygon",
        "coordinates": [
          [
            [
              895.0,
              995.0
            ],
            [
              905.0,
              995.0
            ],
            [
              905.0,
              1005.0
            ],
            [
              895.0,
              1005.0
            ],
            [
              895.0,
              995.0
            ]
          ]
        ]
      },
      "properties": {
        "easting_m": 900.0,
        "northing_m": 1000.0,
        "predicted_subsidence_mm": -13.482,
        "estimation_variance_mm2": 695.0766,
        "estimation_std_mm": 26.364,
        "confidence_score": 0.159,
        "is_high_uncertainty": true
      }
    },
    {
      "type": "Feature",
      "geometry": {
        "type": "Polygon",
        "coordinates": [
          [
            [
              945.0,
              995.0
            ],
            [
              955.0,
              995.0
            ],
            [
              955.0,
              1005.0
            ],
            [
              945.0,
              1005.0
            ],
            [
              945.0,
              995.0
            ]
          ]
        ]
      },
      "properties": {
        "easting_m": 950.0,
        "northing_m": 1000.0,
        "predicted_subsidence_mm": -15.821,
        "estimation_variance_mm2": 818.7235,
        "estimation_std_mm": 28.613,
        "confidence_score": 0.149,
        "is_high_uncertainty": true
      }
    },
    {
      "type": "Feature",
      "geometry": {
        "type": "Polygon",
        "coordinates": [
          [
            [
              995.0,
              995.0
            ],
            [
              1005.0,
              995.0
            ],
            [
              1005.0,
              1005.0
            ],
            [
              995.0,
              1005.0
            ],
            [
              995.0,
              995.0
            ]
          ]
        ]
      },
      "properties": {
        "easting_m": 1000.0,
        "northing_m": 1000.0,
        "predicted_subsidence_mm": -18.286,
        "estimation_variance_mm2": 958.6545,
        "estimation_std_mm": 30.962,
        "confidence_score": 0.139,
        "is_high_uncertainty": true
      }
    }
  ]
}